{
    "type": "FeatureCollection",
    "features": [
        {
            "type": "Feature",
            "geometry": {
                "type": "MultiPolygon",
                "coordinates": [
                    [
                        [
                            [
                                -122.505034,
                                37.788162
                            ],
                            [
                                -122.506052,
                                37.788192
                            ],
                            [
                                -122.509808,
                                37.784816
                            ],
                            [
                                -122.511977,
                                37.78429
                            ],
                            [
                                -122.512112,
                                37.783793
                            ],
                            [
                                -122.512681,
                                37.78412
                            ],
                            [
                                -122.512466,
                                37.783743
                            ],
                            [
                                -122.513499,
                                37.782701
                            ],
                            [
                                -122.513759,
                                37.781477
                            ],
                            [
                                -122.514724,
                                37.781134
                            ],
                            [
                                -122.513116,
                                37.775992
                            ],
                            [
                                -122.513111,
                                37.770771
                            ],
                            [
                                -122.511124,
                                37.771323
                            ],
                            [
                                -122.511473,
                                37.775892
                            ],
                            [
                                -122.512031,
                                37.777007
                            ],
                            [
                                -122.51089,
                                37.776986
                            ],
                            [
                                -122.510862,
                                37.776308
                            ],
                            [
                                -122.509295,
                                37.776291
                            ],
                            [
                                -122.509433,
                                37.779851
                            ],
                            [
                                -122.509879,
                                37.780627
                            ],
                            [
                                -122.492375,
                                37.781677
                            ],
                            [
                                -122.493262,
                                37.787682
                            ],
                            [
                                -122.494782,
                                37.78786
                            ],
                            [
                                -122.496546,
                                37.787287
                            ],
                            [
                                -122.497616,
                                37.787943
                            ],
                            [
                                -122.505034,
                                37.788162
                            ]
                        ]
                    ]
                ]
            },
            "properties": {
                "id": 45054,
                "name": "Lincoln Park",
                "seo_id": "lincoln-park-san-francisco-ca",
                "geo_slug": "sf",
                "source_hidden": false,
                "center_lon": -122.50354950015927,
                "center_lat": 37.77948146894468,
                "hidden": false
            },
            "id": 45054,
            "bbox": [
                -122.514724,
                37.770771,
                -122.492375,
                37.788192
            ]
        },
        {
            "type": "Feature",
            "geometry": {
                "type": "MultiPolygon",
                "coordinates": [
                    [
                        [
                            [
                                -122.458748,
                                37.755116
                            ],
                            [
                                -122.459494,
                                37.75563
                            ],
                            [
                                -122.459809,
                                37.757222
                            ],
                            [
                                -122.460837,
                                37.758203
                            ],
                            [
                                -122.460626,
                                37.758414
                            ],
                            [
                                -122.459371,
                                37.75874
                            ],
                            [
                                -122.459469,
                                37.759161
                            ],
                            [
                                -122.461151,
                                37.759038
                            ],
                            [
                                -122.463911,
                                37.76039
                            ],
                            [
                                -122.463556,
                                37.755301
                            ],
                            [
                                -122.463774,
                                37.753812
                            ],
                            [
                                -122.463358,
                                37.753048
                            ],
                            [
                                -122.461469,
                                37.75152
                            ],
                            [
                                -122.460667,
                                37.751807
                            ],
                            [
                                -122.458987,
                                37.751947
                            ],
                            [
                                -122.457017,
                                37.751402
                            ],
                            [
                                -122.456428,
                                37.751493
                            ],
                            [
                                -122.456094,
                                37.751803
                            ],
                            [
                                -122.456028,
                                37.752882
                            ],
                            [
                                -122.455169,
                                37.754347
                            ],
                            [
                                -122.455044,
                                37.755133
                            ],
                            [
                                -122.454169,
                                37.756519
                            ],
                            [
                                -122.454101,
                                37.756911
                            ],
                            [
                                -122.455701,
                                37.756684
                            ],
                            [
                                -122.457299,
                                37.756797
                            ],
                            [
                                -122.457446,
                                37.756509
                            ],
                            [
                                -122.457279,
                                37.75619
                            ],
                            [
                                -122.457332,
                                37.75577
                            ],
                            [
                                -122.457825,
                                37.755618
                            ],
                            [
                                -122.458261,
                                37.755148
                            ],
                            [
                                -122.458748,
                                37.755116
                            ]
                        ]
                    ]
                ]
            },
            "properties": {
                "id": 45353,
                "name": "Forest Knolls",
                "seo_id": "forest-knolls-san-francisco-ca",
                "geo_slug": "sf",
                "source_hidden": false,
                "center_lon": -122.458954842193,
                "center_lat": 37.755303104368366,
                "hidden": false
            },
            "id": 45353,
            "bbox": [
                -122.463911,
                37.751402,
                -122.454101,
                37.76039
            ]
        },
        {
            "type": "Feature",
            "geometry": {
                "type": "MultiPolygon",
                "coordinates": [
                    [
                        [
                            [
                                -122.394252,
                                37.800074
                            ],
                            [
                                -122.394437,
                                37.800182
                            ],
                            [
                                -122.396579,
                                37.798833
                            ],
                            [
                                -122.396741,
                                37.798834
                            ],
                            [
                                -122.397251,
                                37.799401
                            ],
                            [
                                -122.396897,
                                37.799633
                            ],
                            [
                                -122.398297,
                                37.798938
                            ],
                            [
                                -122.408619,
                                37.797628
                            ],
                            [
                                -122.406918,
                                37.789439
                            ],
                            [
                                -122.403842,
                                37.789829
                            ],
                            [
                                -122.403401,
                                37.78781
                            ],
                            [
                                -122.393079,
                                37.795728
                            ],
                            [
                                -122.394127,
                                37.796863
                            ],
                            [
                                -122.393092,
                                37.797426
                            ],
                            [
                                -122.393169,
                                37.797508
                            ],
                            [
                                -122.394681,
                                37.796582
                            ],
                            [
                                -122.394797,
                                37.796709
                            ],
                            [
                                -122.392935,
                                37.797937
                            ],
                            [
                                -122.393181,
                                37.798248
                            ],
                            [
                                -122.395016,
                                37.797124
                            ],
                            [
                                -122.395204,
                                37.797153
                            ],
                            [
                                -122.394996,
                                37.797341
                            ],
                            [
                                -122.395132,
                                37.797495
                            ],
                            [
                                -122.395493,
                                37.79747
                            ],
                            [
                                -122.393559,
                                37.798634
                            ],
                            [
                                -122.393808,
                                37.798937
                            ],
                            [
                                -122.395861,
                                37.797871
                            ],
                            [
                                -122.396574,
                                37.79865
                            ],
                            [
                                -122.394252,
                                37.800074
                            ]
                        ]
                    ]
                ]
            },
            "properties": {
                "id": 45742,
                "name": "Financial District-Barbary Coast",
                "seo_id": "financial-district-barbary-coast-san-francisco-ca",
                "geo_slug": "sf",
                "source_hidden": false,
                "center_lon": -122.40076949986249,
                "center_lat": 37.79399612701971,
                "hidden": false
            },
            "id": 45742,
            "bbox": [
                -122.408619,
                37.78781,
                -122.392935,
                37.800182
            ]
        },
        {
            "type": "Feature",
            "geometry": {
                "type": "MultiPolygon",
                "coordinates": [
                    [
                        [
                            [
                                -122.419353,
                                37.811485
                            ],
                            [
                                -122.420595,
                                37.811267
                            ],
                            [
                                -122.418231,
                                37.809706
                            ],
                            [
                                -122.420858,
                                37.808796
                            ],
                            [
                                -122.4212,
                                37.809077
                            ],
                            [
                                -122.421482,
                                37.808121
                            ],
                            [
                                -122.417226,
                                37.80517
                            ],
                            [
                                -122.407146,
                                37.806428
                            ],
                            [
                                -122.406599,
                                37.803714
                            ],
                            [
                                -122.404758,
                                37.803782
                            ],
                            [
                                -122.404349,
                                37.803174
                            ],
                            [
                                -122.403165,
                                37.803113
                            ],
                            [
                                -122.402229,
                                37.79843
                            ],
                            [
                                -122.398117,
                                37.79899
                            ],
                            [
                                -122.397302,
                                37.799492
                            ],
                            [
                                -122.397542,
                                37.799958
                            ],
                            [
                                -122.395444,
                                37.801142
                            ],
                            [
                                -122.395757,
                                37.801476
                            ],
                            [
                                -122.397989,
                                37.80023
                            ],
                            [
                                -122.398384,
                                37.800673
                            ],
                            [
                                -122.396143,
                                37.801955
                            ],
                            [
                                -122.397107,
                                37.803024
                            ],
                            [
                                -122.399193,
                                37.801872
                            ],
                            [
                                -122.399724,
                                37.802176
                            ],
                            [
                                -122.397515,
                                37.803469
                            ],
                            [
                                -122.397814,
                                37.803814
                            ],
                            [
                                -122.399602,
                                37.802808
                            ],
                            [
                                -122.399972,
                                37.803225
                            ],
                            [
                                -122.398225,
                                37.804256
                            ],
                            [
                                -122.398511,
                                37.804597
                            ],
                            [
                                -122.400964,
                                37.803564
                            ],
                            [
                                -122.400399,
                                37.807262
                            ],
                            [
                                -122.40094,
                                37.807639
                            ],
                            [
                                -122.402804,
                                37.806023
                            ],
                            [
                                -122.403422,
                                37.806471
                            ],
                            [
                                -122.402352,
                                37.807836
                            ],
                            [
                                -122.40276,
                                37.808016
                            ],
                            [
                                -122.403956,
                                37.806579
                            ],
                            [
                                -122.404717,
                                37.806971
                            ],
                            [
                                -122.403908,
                                37.808714
                            ],
                            [
                                -122.404375,
                                37.808871
                            ],
                            [
                                -122.405322,
                                37.806867
                            ],
                            [
                                -122.405904,
                                37.80716
                            ],
                            [
                                -122.406179,
                                37.810069
                            ],
                            [
                                -122.406816,
                                37.809995
                            ],
                            [
                                -122.406644,
                                37.807818
                            ],
                            [
                                -122.409387,
                                37.80872
                            ],
                            [
                                -122.410179,
                                37.810102
                            ],
                            [
                                -122.410199,
                                37.811328
                            ],
                            [
                                -122.411323,
                                37.81094
                            ],
                            [
                                -122.410473,
                                37.808804
                            ],
                            [
                                -122.411249,
                                37.80892
                            ],
                            [
                                -122.412718,
                                37.810599
                            ],
                            [
                                -122.411895,
                                37.809389
                            ],
                            [
                                -122.412617,
                                37.809079
                            ],
                            [
                                -122.414027,
                                37.810139
                            ],
                            [
                                -122.414282,
                                37.809946
                            ],
                            [
                                -122.41342,
                                37.809236
                            ],
                            [
                                -122.415289,
                                37.809838
                            ],
                            [
                                -122.41478,
                                37.809281
                            ],
                            [
                                -122.415352,
                                37.809161
                            ],
                            [
                                -122.419353,
                                37.811485
                            ]
                        ]
                    ]
                ]
            },
            "properties": {
                "id": 44519,
                "name": "North Waterfront",
                "seo_id": "north-waterfront-san-francisco-ca",
                "geo_slug": "sf",
                "source_hidden": false,
                "center_lon": -122.40846080147477,
                "center_lat": 37.80496999996558,
                "hidden": false
            },
            "id": 44519,
            "bbox": [
                -122.421482,
                37.79843,
                -122.395444,
                37.811485
            ]
        },
        {
            "type": "Feature",
            "geometry": {
                "type": "MultiPolygon",
                "coordinates": [
                    [
                        [
                            [
                                -122.475173,
                                37.734562
                            ],
                            [
                                -122.475189,
                                37.734762
                            ],
                            [
                                -122.478649,
                                37.73459
                            ],
                            [
                                -122.482016,
                                37.734443
                            ],
                            [
                                -122.481787,
                                37.73117
                            ],
                            [
                                -122.475927,
                                37.731104
                            ],
                            [
                                -122.474972,
                                37.731072
                            ],
                            [
                                -122.475173,
                                37.734562
                            ]
                        ]
                    ]
                ]
            },
            "properties": {
                "id": 45220,
                "name": "Merced Manor",
                "seo_id": "merced-manor-san-francisco-ca",
                "geo_slug": "sf",
                "source_hidden": false,
                "center_lon": -122.47849412096201,
                "center_lat": 37.73291699976977,
                "hidden": false
            },
            "id": 45220,
            "bbox": [
                -122.482016,
                37.731072,
                -122.474972,
                37.734762
            ]
        },
        {
            "type": "Feature",
            "geometry": {
                "type": "MultiPolygon",
                "coordinates": [
                    [
                        [
                            [
                                -122.49396,
                                37.733952
                            ],
                            [
                                -122.478648,
                                37.734589
                            ],
                            [
                                -122.47519,
                                37.734753
                            ],
                            [
                                -122.47537,
                                37.737454
                            ],
                            [
                                -122.481718,
                                37.737163
                            ],
                            [
                                -122.482436,
                                37.737469
                            ],
                            [
                                -122.485071,
                                37.737439
                            ],
                            [
                                -122.486033,
                                37.737252
                            ],
                            [
                                -122.48753,
                                37.737345
                            ],
                            [
                                -122.487497,
                                37.736991
                            ],
                            [
                                -122.488274,
                                37.737025
                            ],
                            [
                                -122.488305,
                                37.737592
                            ],
                            [
                                -122.487523,
                                37.737639
                            ],
                            [
                                -122.487523,
                                37.73814
                            ],
                            [
                                -122.487232,
                                37.738799
                            ],
                            [
                                -122.49044,
                                37.738662
                            ],
                            [
                                -122.490417,
                                37.738312
                            ],
                            [
                                -122.491528,
                                37.738252
                            ],
                            [
                                -122.491548,
                                37.738614
                            ],
                            [
                                -122.493631,
                                37.738526
                            ],
                            [
                                -122.493511,
                                37.736716
                            ],
                            [
                                -122.494157,
                                37.736629
                            ],
                            [
                                -122.49396,
                                37.733952
                            ]
                        ]
                    ]
                ]
            },
            "properties": {
                "id": 491064,
                "name": "Pinelake Park",
                "seo_id": "pinelake-park-san-francisco-ca",
                "geo_slug": "sf",
                "source_hidden": false,
                "center_lon": -122.48613937786959,
                "center_lat": 37.73636744460222,
                "hidden": false
            },
            "id": 491064,
            "bbox": [
                -122.494157,
                37.733952,
                -122.47519,
                37.738799
            ]
        },
        {
            "type": "Feature",
            "geometry": {
                "type": "MultiPolygon",
                "coordinates": [
                    [
                        [
                            [
                                -122.458405,
                                37.76616
                            ],
                            [
                                -122.461097,
                                37.76621
                            ],
                            [
                                -122.464297,
                                37.765963
                            ],
                            [
                                -122.477261,
                                37.765486
                            ],
                            [
                                -122.476762,
                                37.759837
                            ],
                            [
                                -122.47687,
                                37.759832
                            ],
                            [
                                -122.476355,
                                37.752376
                            ],
                            [
                                -122.473133,
                                37.75252
                            ],
                            [
                                -122.473344,
                                37.755549
                            ],
                            [
                                -122.473683,
                                37.756237
                            ],
                            [
                                -122.472812,
                                37.757833
                            ],
                            [
                                -122.472723,
                                37.75831
                            ],
                            [
                                -122.472971,
                                37.758594
                            ],
                            [
                                -122.472848,
                                37.758947
                            ],
                            [
                                -122.472289,
                                37.759106
                            ],
                            [
                                -122.471656,
                                37.758938
                            ],
                            [
                                -122.470793,
                                37.75831
                            ],
                            [
                                -122.470204,
                                37.758257
                            ],
                            [
                                -122.47001,
                                37.755432
                            ],
                            [
                                -122.468564,
                                37.755111
                            ],
                            [
                                -122.467803,
                                37.754626
                            ],
                            [
                                -122.467643,
                                37.752756
                            ],
                            [
                                -122.465,
                                37.752875
                            ],
                            [
                                -122.463361,
                                37.753039
                            ],
                            [
                                -122.463773,
                                37.753815
                            ],
                            [
                                -122.463555,
                                37.755298
                            ],
                            [
                                -122.463911,
                                37.760391
                            ],
                            [
                                -122.461151,
                                37.759038
                            ],
                            [
                                -122.460109,
                                37.759121
                            ],
                            [
                                -122.459917,
                                37.759432
                            ],
                            [
                                -122.460292,
                                37.76044
                            ],
                            [
                                -122.458517,
                                37.760999
                            ],
                            [
                                -122.457867,
                                37.762179
                            ],
                            [
                                -122.457536,
                                37.763566
                            ],
                            [
                                -122.45779,
                                37.766015
                            ],
                            [
                                -122.458405,
                                37.76616
                            ]
                        ]
                    ]
                ]
            },
            "properties": {
                "id": 44833,
                "name": "Inner Sunset",
                "seo_id": "inner-sunset-san-francisco-ca",
                "geo_slug": "sf",
                "hidden": false,
                "center_lon": -122.4673984999408,
                "center_lat": 37.75930300023333
            },
            "id": 44833,
            "bbox": [
                -122.477261,
                37.752376,
                -122.457536,
                37.76621
            ]
        },
        {
            "type": "Feature",
            "geometry": {
                "type": "MultiPolygon",
                "coordinates": [
                    [
                        [
                            [
                                -122.446395,
                                37.758853
                            ],
                            [
                                -122.446443,
                                37.761033
                            ],
                            [
                                -122.448899,
                                37.76084
                            ],
                            [
                                -122.448731,
                                37.75964
                            ],
                            [
                                -122.452114,
                                37.759387
                            ],
                            [
                                -122.452298,
                                37.758277
                            ],
                            [
                                -122.453874,
                                37.757354
                            ],
                            [
                                -122.454103,
                                37.756909
                            ],
                            [
                                -122.454172,
                                37.756507
                            ],
                            [
                                -122.45357,
                                37.756876
                            ],
                            [
                                -122.453174,
                                37.756688
                            ],
                            [
                                -122.452373,
                                37.757068
                            ],
                            [
                                -122.452142,
                                37.756922
                            ],
                            [
                                -122.452126,
                                37.756659
                            ],
                            [
                                -122.448322,
                                37.756856
                            ],
                            [
                                -122.44695,
                                37.75655
                            ],
                            [
                                -122.447119,
                                37.756875
                            ],
                            [
                                -122.447695,
                                37.757334
                            ],
                            [
                                -122.447694,
                                37.757628
                            ],
                            [
                                -122.447101,
                                37.757358
                            ],
                            [
                                -122.446655,
                                37.756942
                            ],
                            [
                                -122.445999,
                                37.756876
                            ],
                            [
                                -122.445815,
                                37.757259
                            ],
                            [
                                -122.446005,
                                37.758027
                            ],
                            [
                                -122.445919,
                                37.758718
                            ],
                            [
                                -122.446395,
                                37.758853
                            ]
                        ]
                    ]
                ]
            },
            "properties": {
                "id": 44659,
                "name": "Clarendon Heights",
                "seo_id": "clarendon-heights-san-francisco-ca",
                "geo_slug": "sf",
                "source_hidden": false,
                "center_lon": -122.44999336640072,
                "center_lat": 37.75876805065508,
                "hidden": false
            },
            "id": 44659,
            "bbox": [
                -122.454172,
                37.756507,
                -122.445815,
                37.761033
            ]
        },
        {
            "type": "Feature",
            "geometry": {
                "type": "MultiPolygon",
                "coordinates": [
                    [
                        [
                            [
                                -122.435587,
                                37.766935
                            ],
                            [
                                -122.435631,
                                37.767329
                            ],
                            [
                                -122.43822,
                                37.767189
                            ],
                            [
                                -122.438201,
                                37.766768
                            ],
                            [
                                -122.439547,
                                37.766578
                            ],
                            [
                                -122.441259,
                                37.765304
                            ],
                            [
                                -122.442332,
                                37.765077
                            ],
                            [
                                -122.441993,
                                37.763271
                            ],
                            [
                                -122.441571,
                                37.763233
                            ],
                            [
                                -122.441511,
                                37.763056
                            ],
                            [
                                -122.443004,
                                37.762571
                            ],
                            [
                                -122.443289,
                                37.762325
                            ],
                            [
                                -122.443331,
                                37.762065
                            ],
                            [
                                -122.44557,
                                37.761864
                            ],
                            [
                                -122.446661,
                                37.761761
                            ],
                            [
                                -122.446442,
                                37.761027
                            ],
                            [
                                -122.446395,
                                37.758856
                            ],
                            [
                                -122.445903,
                                37.758721
                            ],
                            [
                                -122.444902,
                                37.758325
                            ],
                            [
                                -122.44437,
                                37.758407
                            ],
                            [
                                -122.444721,
                                37.758651
                            ],
                            [
                                -122.444881,
                                37.759573
                            ],
                            [
                                -122.442786,
                                37.761043
                            ],
                            [
                                -122.440227,
                                37.761137
                            ],
                            [
                                -122.439004,
                                37.761607
                            ],
                            [
                                -122.436515,
                                37.762081
                            ],
                            [
                                -122.435189,
                                37.762676
                            ],
                            [
                                -122.435587,
                                37.766935
                            ]
                        ]
                    ]
                ]
            },
            "properties": {
                "id": 45859,
                "name": "Corona Heights",
                "seo_id": "corona-heights-san-francisco-ca",
                "geo_slug": "sf",
                "source_hidden": false,
                "center_lon": -122.4409879996964,
                "center_lat": 37.76282850003531,
                "hidden": false
            },
            "id": 45859,
            "bbox": [
                -122.446661,
                37.758325,
                -122.435189,
                37.767329
            ]
        },
        {
            "type": "Feature",
            "geometry": {
                "type": "MultiPolygon",
                "coordinates": [
                    [
                        [
                            [
                                -122.422444,
                                37.770715
                            ],
                            [
                                -122.422964,
                                37.771243
                            ],
                            [
                                -122.423274,
                                37.771966
                            ],
                            [
                                -122.426108,
                                37.76963
                            ],
                            [
                                -122.428936,
                                37.767369
                            ],
                            [
                                -122.42805,
                                37.758089
                            ],
                            [
                                -122.421272,
                                37.758499
                            ],
                            [
                                -122.422444,
                                37.770715
                            ]
                        ]
                    ]
                ]
            },
            "properties": {
                "id": 45719,
                "name": "Mission Dolores",
                "seo_id": "mission-dolores-san-francisco-ca",
                "geo_slug": "sf",
                "source_hidden": false,
                "center_lon": -122.42510399969979,
                "center_lat": 37.76501300004995,
                "hidden": false
            },
            "id": 45719,
            "bbox": [
                -122.428936,
                37.758089,
                -122.421272,
                37.771966
            ]
        },
        {
            "type": "Feature",
            "geometry": {
                "type": "MultiPolygon",
                "coordinates": [
                    [
                        [
                            [
                                -122.437564,
                                37.773604
                            ],
                            [
                                -122.43689,
                                37.770289
                            ],
                            [
                                -122.436399,
                                37.769954
                            ],
                            [
                                -122.435794,
                                37.769058
                            ],
                            [
                                -122.426108,
                                37.76963
                            ],
                            [
                                -122.420714,
                                37.774078
                            ],
                            [
                                -122.421892,
                                37.77989
                            ],
                            [
                                -122.430115,
                                37.778842
                            ],
                            [
                                -122.429273,
                                37.774649
                            ],
                            [
                                -122.437564,
                                37.773604
                            ]
                        ]
                    ]
                ]
            },
            "properties": {
                "id": 44676,
                "name": "Hayes Valley",
                "seo_id": "hayes-valley-san-francisco-ca",
                "geo_slug": "sf",
                "source_hidden": false,
                "center_lon": -122.42913885167664,
                "center_lat": 37.77447400017502,
                "hidden": false
            },
            "id": 44676,
            "bbox": [
                -122.437564,
                37.769058,
                -122.420714,
                37.77989
            ]
        },
        {
            "type": "Feature",
            "geometry": {
                "type": "MultiPolygon",
                "coordinates": [
                    [
                        [
                            [
                                -122.433407,
                                37.778422
                            ],
                            [
                                -122.433596,
                                37.779355
                            ],
                            [
                                -122.438601,
                                37.778718
                            ],
                            [
                                -122.438435,
                                37.777786
                            ],
                            [
                                -122.438058,
                                37.775917
                            ],
                            [
                                -122.437835,
                                37.774987
                            ],
                            [
                                -122.437832,
                                37.774904
                            ],
                            [
                                -122.437564,
                                37.773604
                            ],
                            [
                                -122.429273,
                                37.774649
                            ],
                            [
                                -122.429622,
                                37.776329
                            ],
                            [
                                -122.429626,
                                37.776513
                            ],
                            [
                                -122.429677,
                                37.776595
                            ],
                            [
                                -122.429929,
                                37.777909
                            ],
                            [
                                -122.433219,
                                37.77749
                            ],
                            [
                                -122.433407,
                                37.778422
                            ]
                        ]
                    ]
                ]
            },
            "properties": {
                "id": 44766,
                "name": "Alamo Square",
                "seo_id": "alamo-square-san-francisco-ca",
                "geo_slug": "sf",
                "source_hidden": false,
                "center_lon": -122.43393700009247,
                "center_lat": 37.776479524760305,
                "hidden": false
            },
            "id": 44766,
            "bbox": [
                -122.438601,
                37.773604,
                -122.429273,
                37.779355
            ]
        },
        {
            "type": "Feature",
            "geometry": {
                "type": "MultiPolygon",
                "coordinates": [
                    [
                        [
                            [
                                -122.387838,
                                37.764405
                            ],
                            [
                                -122.392971,
                                37.764082
                            ],
                            [
                                -122.392624,
                                37.761581
                            ],
                            [
                                -122.392253,
                                37.756314
                            ],
                            [
                                -122.391284,
                                37.752627
                            ],
                            [
                                -122.391363,
                                37.751344
                            ],
                            [
                                -122.391763,
                                37.750105
                            ],
                            [
                                -122.375972,
                                37.750963
                            ],
                            [
                                -122.376087,
                                37.752249
                            ],
                            [
                                -122.37996,
                                37.75203
                            ],
                            [
                                -122.380025,
                                37.752694
                            ],
                            [
                                -122.37988,
                                37.752886
                            ],
                            [
                                -122.38149,
                                37.752863
                            ],
                            [
                                -122.381972,
                                37.753193
                            ],
                            [
                                -122.382823,
                                37.753333
                            ],
                            [
                                -122.382982,
                                37.755025
                            ],
                            [
                                -122.381322,
                                37.755069
                            ],
                            [
                                -122.380725,
                                37.755335
                            ],
                            [
                                -122.380758,
                                37.755552
                            ],
                            [
                                -122.381032,
                                37.755743
                            ],
                            [
                                -122.38094,
                                37.7558
                            ],
                            [
                                -122.381238,
                                37.755875
                            ],
                            [
                                -122.381258,
                                37.756303
                            ],
                            [
                                -122.381407,
                                37.756456
                            ],
                            [
                                -122.381324,
                                37.757117
                            ],
                            [
                                -122.381447,
                                37.757115
                            ],
                            [
                                -122.381481,
                                37.757509
                            ],
                            [
                                -122.381197,
                                37.758258
                            ],
                            [
                                -122.381304,
                                37.759309
                            ],
                            [
                                -122.381447,
                                37.759305
                            ],
                            [
                                -122.381469,
                                37.759573
                            ],
                            [
                                -122.381257,
                                37.759583
                            ],
                            [
                                -122.381272,
                                37.760034
                            ],
                            [
                                -122.381867,
                                37.760005
                            ],
                            [
                                -122.382009,
                                37.760806
                            ],
                            [
                                -122.383427,
                                37.762301
                            ],
                            [
                                -122.384681,
                                37.762111
                            ],
                            [
                                -122.385104,
                                37.76232
                            ],
                            [
                                -122.385182,
                                37.763373
                            ],
                            [
                                -122.385279,
                                37.76324
                            ],
                            [
                                -122.386214,
                                37.763316
                            ],
                            [
                                -122.386314,
                                37.763102
                            ],
                            [
                                -122.386597,
                                37.763185
                            ],
                            [
                                -122.386503,
                                37.763388
                            ],
                            [
                                -122.386894,
                                37.763479
                            ],
                            [
                                -122.386923,
                                37.763675
                            ],
                            [
                                -122.386605,
                                37.7639
                            ],
                            [
                                -122.386738,
                                37.76402
                            ],
                            [
                                -122.386574,
                                37.764252
                            ],
                            [
                                -122.387406,
                                37.764229
                            ],
                            [
                                -122.387838,
                                37.764405
                            ]
                        ]
                    ]
                ]
            },
            "properties": {
                "id": 45561,
                "name": "Central Waterfront-Dogpatch",
                "seo_id": "central-waterfront-dogpatch-san-francisco-ca",
                "geo_slug": "sf",
                "source_hidden": false,
                "center_lon": -122.38447172457265,
                "center_lat": 37.757255181536266,
                "hidden": false
            },
            "id": 45561,
            "bbox": [
                -122.392971,
                37.750105,
                -122.375972,
                37.764405
            ]
        },
        {
            "type": "Feature",
            "geometry": {
                "type": "MultiPolygon",
                "coordinates": [
                    [
                        [
                            [
                                -122.462141,
                                37.710572
                            ],
                            [
                                -122.462241,
                                37.717941
                            ],
                            [
                                -122.472639,
                                37.717932
                            ],
                            [
                                -122.472633,
                                37.716908
                            ],
                            [
                                -122.471337,
                                37.712689
                            ],
                            [
                                -122.471215,
                                37.708939
                            ],
                            [
                                -122.471319,
                                37.708305
                            ],
                            [
                                -122.468939,
                                37.708232
                            ],
                            [
                                -122.467718,
                                37.709282
                            ],
                            [
                                -122.465994,
                                37.710154
                            ],
                            [
                                -122.464176,
                                37.710548
                            ],
                            [
                                -122.462141,
                                37.710572
                            ]
                        ]
                    ]
                ]
            },
            "properties": {
                "id": 45050,
                "name": "Ingleside Heights",
                "seo_id": "ingleside-heights-san-francisco-ca",
                "geo_slug": "sf",
                "source_hidden": false,
                "center_lon": -122.46740652369206,
                "center_lat": 37.71308636004753,
                "hidden": false
            },
            "id": 45050,
            "bbox": [
                -122.472639,
                37.708232,
                -122.462141,
                37.717941
            ]
        },
        {
            "type": "Feature",
            "geometry": {
                "type": "MultiPolygon",
                "coordinates": [
                    [
                        [
                            [
                                -122.496508,
                                37.733845
                            ],
                            [
                                -122.498606,
                                37.734186
                            ],
                            [
                                -122.500881,
                                37.735242
                            ],
                            [
                                -122.502031,
                                37.735515
                            ],
                            [
                                -122.505262,
                                37.735565
                            ],
                            [
                                -122.505251,
                                37.735379
                            ],
                            [
                                -122.5068,
                                37.735378
                            ],
                            [
                                -122.506796,
                                37.735559
                            ],
                            [
                                -122.508541,
                                37.735402
                            ],
                            [
                                -122.508057,
                                37.729756
                            ],
                            [
                                -122.502832,
                                37.708133
                            ],
                            [
                                -122.484883,
                                37.708332
                            ],
                            [
                                -122.471319,
                                37.708305
                            ],
                            [
                                -122.471215,
                                37.708939
                            ],
                            [
                                -122.471355,
                                37.712802
                            ],
                            [
                                -122.472584,
                                37.712932
                            ],
                            [
                                -122.475907,
                                37.714398
                            ],
                            [
                                -122.476624,
                                37.714567
                            ],
                            [
                                -122.485275,
                                37.714823
                            ],
                            [
                                -122.485127,
                                37.723948
                            ],
                            [
                                -122.484015,
                                37.726701
                            ],
                            [
                                -122.484053,
                                37.727412
                            ],
                            [
                                -122.485722,
                                37.729292
                            ],
                            [
                                -122.489205,
                                37.730319
                            ],
                            [
                                -122.489901,
                                37.730165
                            ],
                            [
                                -122.490974,
                                37.729112
                            ],
                            [
                                -122.49176,
                                37.728815
                            ],
                            [
                                -122.4924,
                                37.728905
                            ],
                            [
                                -122.493529,
                                37.729594
                            ],
                            [
                                -122.495688,
                                37.729059
                            ],
                            [
                                -122.496699,
                                37.729124
                            ],
                            [
                                -122.497354,
                                37.729668
                            ],
                            [
                                -122.498144,
                                37.731374
                            ],
                            [
                                -122.498193,
                                37.731912
                            ],
                            [
                                -122.498107,
                                37.732268
                            ],
                            [
                                -122.496508,
                                37.733845
                            ]
                        ]
                    ]
                ]
            },
            "properties": {
                "id": 45387,
                "name": "Lake Merced Park",
                "seo_id": "lake-merced-park-san-francisco-ca",
                "geo_slug": "sf",
                "source_hidden": false,
                "center_lon": -122.48987785128176,
                "center_lat": 37.72184850015822,
                "hidden": false
            },
            "id": 45387,
            "bbox": [
                -122.508541,
                37.708133,
                -122.471215,
                37.735565
            ]
        },
        {
            "type": "Feature",
            "geometry": {
                "type": "MultiPolygon",
                "coordinates": [
                    [
                        [
                            [
                                -122.462035,
                                37.743001
                            ],
                            [
                                -122.463686,
                                37.743749
                            ],
                            [
                                -122.470863,
                                37.743262
                            ],
                            [
                                -122.470512,
                                37.738086
                            ],
                            [
                                -122.470817,
                                37.737648
                            ],
                            [
                                -122.47539,
                                37.73745
                            ],
                            [
                                -122.475189,
                                37.734762
                            ],
                            [
                                -122.471755,
                                37.734822
                            ],
                            [
                                -122.471569,
                                37.734707
                            ],
                            [
                                -122.465986,
                                37.73943
                            ],
                            [
                                -122.465241,
                                37.739771
                            ],
                            [
                                -122.464032,
                                37.740024
                            ],
                            [
                                -122.459386,
                                37.740571
                            ],
                            [
                                -122.461234,
                                37.742584
                            ],
                            [
                                -122.462035,
                                37.743001
                            ]
                        ]
                    ]
                ]
            },
            "properties": {
                "id": 45311,
                "name": "West Portal",
                "slug": "west-portal-san-francisco-ca",
                "city": "San Francisco",
                "county": "San Francisco County",
                "state": "CA",
                "feature_type": "neighborhood",
                "hidden": false,
                "center_latitude": 37.739227999872355,
                "center_longitude": -122.46738799990624
            },
            "bbox": [
                -122.47539,
                37.734707,
                -122.459386,
                37.743749
            ]
        },
        {
            "type": "Feature",
            "geometry": {
                "type": "MultiPolygon",
                "coordinates": [
                    [
                        [
                            [
                                -122.460015,
                                37.739282
                            ],
                            [
                                -122.460104,
                                37.739997
                            ],
                            [
                                -122.459123,
                                37.740138
                            ],
                            [
                                -122.458858,
                                37.740334
                            ],
                            [
                                -122.458923,
                                37.740598
                            ],
                            [
                                -122.464032,
                                37.740024
                            ],
                            [
                                -122.465241,
                                37.739771
                            ],
                            [
                                -122.465986,
                                37.73943
                            ],
                            [
                                -122.47157,
                                37.734706
                            ],
                            [
                                -122.471695,
                                37.734574
                            ],
                            [
                                -122.471804,
                                37.733223
                            ],
                            [
                                -122.465808,
                                37.733198
                            ],
                            [
                                -122.464482,
                                37.732239
                            ],
                            [
                                -122.463392,
                                37.733381
                            ],
                            [
                                -122.463503,
                                37.734642
                            ],
                            [
                                -122.463225,
                                37.734997
                            ],
                            [
                                -122.462901,
                                37.735076
                            ],
                            [
                                -122.462926,
                                37.735483
                            ],
                            [
                                -122.462672,
                                37.735682
                            ],
                            [
                                -122.462444,
                                37.735536
                            ],
                            [
                                -122.46214,
                                37.735732
                            ],
                            [
                                -122.461769,
                                37.735697
                            ],
                            [
                                -122.461072,
                                37.736109
                            ],
                            [
                                -122.461515,
                                37.738871
                            ],
                            [
                                -122.461148,
                                37.739174
                            ],
                            [
                                -122.46025,
                                37.739152
                            ],
                            [
                                -122.460015,
                                37.739282
                            ]
                        ]
                    ]
                ]
            },
            "properties": {
                "id": 44747,
                "name": "Saint Francis Wood",
                "slug": "saint-francis-wood-san-francisco-ca",
                "city": "San Francisco",
                "county": "San Francisco County",
                "state": "CA",
                "feature_type": "neighborhood",
                "hidden": false,
                "center_latitude": 37.736418500263625,
                "center_longitude": -122.46533089065804
            },
            "bbox": [
                -122.471804,
                37.732239,
                -122.458858,
                37.740598
            ]
        },
        {
            "type": "Feature",
            "geometry": {
                "type": "MultiPolygon",
                "coordinates": [
                    [
                        [
                            [
                                -122.458854,
                                37.748259
                            ],
                            [
                                -122.460352,
                                37.749783
                            ],
                            [
                                -122.46147,
                                37.751522
                            ],
                            [
                                -122.463361,
                                37.753039
                            ],
                            [
                                -122.465018,
                                37.752874
                            ],
                            [
                                -122.4649,
                                37.751008
                            ],
                            [
                                -122.465403,
                                37.750986
                            ],
                            [
                                -122.465832,
                                37.750669
                            ],
                            [
                                -122.465649,
                                37.748707
                            ],
                            [
                                -122.465837,
                                37.748189
                            ],
                            [
                                -122.466282,
                                37.748119
                            ],
                            [
                                -122.466094,
                                37.748027
                            ],
                            [
                                -122.466024,
                                37.747508
                            ],
                            [
                                -122.466814,
                                37.747197
                            ],
                            [
                                -122.466722,
                                37.746477
                            ],
                            [
                                -122.468858,
                                37.746428
                            ],
                            [
                                -122.468619,
                                37.74336
                            ],
                            [
                                -122.463686,
                                37.743749
                            ],
                            [
                                -122.459017,
                                37.747306
                            ],
                            [
                                -122.458635,
                                37.747769
                            ],
                            [
                                -122.458854,
                                37.748259
                            ]
                        ]
                    ]
                ]
            },
            "properties": {
                "id": 45788,
                "name": "Forest Hill",
                "slug": "forest-hill-san-francisco-ca",
                "city": "San Francisco",
                "county": "San Francisco County",
                "state": "CA",
                "feature_type": "neighborhood",
                "hidden": false,
                "center_latitude": 37.74819949990703,
                "center_longitude": -122.46374649970116
            },
            "bbox": [
                -122.468858,
                37.74336,
                -122.458635,
                37.753039
            ]
        },
        {
            "type": "Feature",
            "geometry": {
                "type": "MultiPolygon",
                "coordinates": [
                    [
                        [
                            [
                                -122.460477,
                                37.73518
                            ],
                            [
                                -122.459505,
                                37.734291
                            ],
                            [
                                -122.459391,
                                37.734425
                            ],
                            [
                                -122.459472,
                                37.735154
                            ],
                            [
                                -122.460435,
                                37.736972
                            ],
                            [
                                -122.46043,
                                37.737655
                            ],
                            [
                                -122.460282,
                                37.737855
                            ],
                            [
                                -122.459882,
                                37.736993
                            ],
                            [
                                -122.459291,
                                37.736343
                            ],
                            [
                                -122.458542,
                                37.736053
                            ],
                            [
                                -122.457661,
                                37.736178
                            ],
                            [
                                -122.456893,
                                37.736064
                            ],
                            [
                                -122.454761,
                                37.736129
                            ],
                            [
                                -122.453827,
                                37.736702
                            ],
                            [
                                -122.45435,
                                37.737136
                            ],
                            [
                                -122.455281,
                                37.737188
                            ],
                            [
                                -122.45584,
                                37.737385
                            ],
                            [
                                -122.456937,
                                37.738233
                            ],
                            [
                                -122.457911,
                                37.738696
                            ],
                            [
                                -122.460015,
                                37.739282
                            ],
                            [
                                -122.46025,
                                37.739152
                            ],
                            [
                                -122.461148,
                                37.739174
                            ],
                            [
                                -122.461515,
                                37.738871
                            ],
                            [
                                -122.461542,
                                37.738655
                            ],
                            [
                                -122.461072,
                                37.736109
                            ],
                            [
                                -122.460477,
                                37.73518
                            ]
                        ]
                    ]
                ]
            },
            "properties": {
                "id": 44597,
                "name": "Sherwood Forest",
                "slug": "sherwood-forest-san-francisco-ca",
                "city": "San Francisco",
                "county": "San Francisco County",
                "state": "CA",
                "feature_type": "neighborhood",
                "hidden": false,
                "center_latitude": 37.736786499697274,
                "center_longitude": -122.45768468554976
            },
            "bbox": [
                -122.461542,
                37.734291,
                -122.453827,
                37.739282
            ]
        },
        {
            "type": "Feature",
            "geometry": {
                "type": "MultiPolygon",
                "coordinates": [
                    [
                        [
                            [
                                -122.462656,
                                37.730287
                            ],
                            [
                                -122.463378,
                                37.730733
                            ],
                            [
                                -122.464069,
                                37.731984
                            ],
                            [
                                -122.46454,
                                37.732284
                            ],
                            [
                                -122.465234,
                                37.731597
                            ],
                            [
                                -122.465028,
                                37.731103
                            ],
                            [
                                -122.465186,
                                37.730159
                            ],
                            [
                                -122.466154,
                                37.730253
                            ],
                            [
                                -122.467586,
                                37.728193
                            ],
                            [
                                -122.466653,
                                37.72726
                            ],
                            [
                                -122.465709,
                                37.726637
                            ],
                            [
                                -122.462199,
                                37.725293
                            ],
                            [
                                -122.460377,
                                37.724807
                            ],
                            [
                                -122.460461,
                                37.729996
                            ],
                            [
                                -122.459915,
                                37.730747
                            ],
                            [
                                -122.461727,
                                37.729993
                            ],
                            [
                                -122.462656,
                                37.730287
                            ]
                        ]
                    ]
                ]
            },
            "properties": {
                "id": 45543,
                "name": "Mount Davidson Manor",
                "slug": "mount-davidson-manor-san-francisco-ca",
                "city": "San Francisco",
                "county": "San Francisco County",
                "state": "CA",
                "feature_type": "neighborhood",
                "hidden": false,
                "center_latitude": 37.72854552210822,
                "center_longitude": -122.46375063838121
            },
            "bbox": [
                -122.467586,
                37.724807,
                -122.459915,
                37.732284
            ]
        },
        {
            "type": "Feature",
            "geometry": {
                "type": "MultiPolygon",
                "coordinates": [
                    [
                        [
                            [
                                -122.460947,
                                37.735799
                            ],
                            [
                                -122.461072,
                                37.736109
                            ],
                            [
                                -122.461769,
                                37.735697
                            ],
                            [
                                -122.46214,
                                37.735732
                            ],
                            [
                                -122.462444,
                                37.735536
                            ],
                            [
                                -122.462672,
                                37.735682
                            ],
                            [
                                -122.462926,
                                37.735483
                            ],
                            [
                                -122.462901,
                                37.735076
                            ],
                            [
                                -122.463225,
                                37.734997
                            ],
                            [
                                -122.463503,
                                37.734642
                            ],
                            [
                                -122.463392,
                                37.733381
                            ],
                            [
                                -122.464482,
                                37.732239
                            ],
                            [
                                -122.463798,
                                37.731622
                            ],
                            [
                                -122.463378,
                                37.730733
                            ],
                            [
                                -122.462436,
                                37.73014
                            ],
                            [
                                -122.461938,
                                37.730014
                            ],
                            [
                                -122.46117,
                                37.730132
                            ],
                            [
                                -122.459884,
                                37.730758
                            ],
                            [
                                -122.458696,
                                37.730838
                            ],
                            [
                                -122.458529,
                                37.731294
                            ],
                            [
                                -122.458614,
                                37.732543
                            ],
                            [
                                -122.459064,
                                37.733645
                            ],
                            [
                                -122.460947,
                                37.735799
                            ]
                        ]
                    ]
                ]
            },
            "properties": {
                "id": 45718,
                "name": "Monterey Heights",
                "slug": "monterey-heights-san-francisco-ca",
                "city": "San Francisco",
                "county": "San Francisco County",
                "state": "CA",
                "feature_type": "neighborhood",
                "hidden": false,
                "center_latitude": 37.73305100010364,
                "center_longitude": -122.46149200005573
            },
            "bbox": [
                -122.464482,
                37.730014,
                -122.458529,
                37.736109
            ]
        },
        {
            "type": "Feature",
            "geometry": {
                "type": "MultiPolygon",
                "coordinates": [
                    [
                        [
                            [
                                -122.465564,
                                37.721673
                            ],
                            [
                                -122.462265,
                                37.721748
                            ],
                            [
                                -122.462199,
                                37.725293
                            ],
                            [
                                -122.465911,
                                37.726749
                            ],
                            [
                                -122.467396,
                                37.72792
                            ],
                            [
                                -122.46848,
                                37.729576
                            ],
                            [
                                -122.471941,
                                37.731105
                            ],
                            [
                                -122.47244,
                                37.721603
                            ],
                            [
                                -122.465564,
                                37.721673
                            ]
                        ]
                    ]
                ]
            },
            "properties": {
                "id": 45283,
                "name": "Ingleside Terraces",
                "slug": "ingleside-terraces-san-francisco-ca",
                "city": "San Francisco",
                "county": "San Francisco County",
                "state": "CA",
                "feature_type": "neighborhood",
                "hidden": false,
                "center_latitude": 37.72635400018703,
                "center_longitude": -122.46731950034462
            },
            "bbox": [
                -122.47244,
                37.721603,
                -122.462199,
                37.731105
            ]
        },
        {
            "type": "Feature",
            "geometry": {
                "type": "MultiPolygon",
                "coordinates": [
                    [
                        [
                            [
                                -122.471695,
                                37.734574
                            ],
                            [
                                -122.471569,
                                37.734707
                            ],
                            [
                                -122.471755,
                                37.734822
                            ],
                            [
                                -122.475189,
                                37.734762
                            ],
                            [
                                -122.474857,
                                37.72901
                            ],
                            [
                                -122.47537,
                                37.720275
                            ],
                            [
                                -122.474897,
                                37.719448
                            ],
                            [
                                -122.472672,
                                37.717248
                            ],
                            [
                                -122.471941,
                                37.731105
                            ],
                            [
                                -122.471695,
                                37.734574
                            ]
                        ]
                    ]
                ]
            },
            "properties": {
                "id": 45500,
                "name": "Lakeside",
                "slug": "lakeside-san-francisco-ca",
                "city": "San Francisco",
                "county": "San Francisco County",
                "state": "CA",
                "feature_type": "neighborhood",
                "hidden": false,
                "center_latitude": 37.72603499986539,
                "center_longitude": -122.47346949976756
            },
            "bbox": [
                -122.47537,
                37.717248,
                -122.471569,
                37.734822
            ]
        },
        {
            "type": "Feature",
            "geometry": {
                "type": "MultiPolygon",
                "coordinates": [
                    [
                        [
                            [
                                -122.470418,
                                37.733252
                            ],
                            [
                                -122.471164,
                                37.733267
                            ],
                            [
                                -122.471322,
                                37.733235
                            ],
                            [
                                -122.471321,
                                37.733247
                            ],
                            [
                                -122.471804,
                                37.733223
                            ],
                            [
                                -122.471941,
                                37.731105
                            ],
                            [
                                -122.471667,
                                37.730983
                            ],
                            [
                                -122.471454,
                                37.730951
                            ],
                            [
                                -122.47009,
                                37.730338
                            ],
                            [
                                -122.469056,
                                37.729913
                            ],
                            [
                                -122.468716,
                                37.729741
                            ],
                            [
                                -122.46848,
                                37.729576
                            ],
                            [
                                -122.468323,
                                37.729444
                            ],
                            [
                                -122.468167,
                                37.729243
                            ],
                            [
                                -122.467586,
                                37.728193
                            ],
                            [
                                -122.466154,
                                37.730253
                            ],
                            [
                                -122.465186,
                                37.730159
                            ],
                            [
                                -122.465028,
                                37.731103
                            ],
                            [
                                -122.465234,
                                37.731597
                            ],
                            [
                                -122.46454,
                                37.732284
                            ],
                            [
                                -122.465659,
                                37.733153
                            ],
                            [
                                -122.465808,
                                37.733198
                            ],
                            [
                                -122.466316,
                                37.733136
                            ],
                            [
                                -122.466679,
                                37.733131
                            ],
                            [
                                -122.470418,
                                37.733252
                            ]
                        ]
                    ]
                ]
            },
            "properties": {
                "id": 44526,
                "name": "Balboa Terrace",
                "slug": "balboa-terrace-san-francisco-ca",
                "city": "San Francisco",
                "county": "San Francisco County",
                "state": "CA",
                "feature_type": "neighborhood",
                "hidden": false,
                "center_latitude": 37.730730000089494,
                "center_longitude": -122.46824069390289
            },
            "bbox": [
                -122.471941,
                37.728193,
                -122.46454,
                37.733267
            ]
        },
        {
            "type": "Feature",
            "geometry": {
                "type": "MultiPolygon",
                "coordinates": [
                    [
                        [
                            [
                                -122.428936,
                                37.767369
                            ],
                            [
                                -122.426107,
                                37.76963
                            ],
                            [
                                -122.430247,
                                37.769392
                            ],
                            [
                                -122.433572,
                                37.769178
                            ],
                            [
                                -122.435794,
                                37.769058
                            ],
                            [
                                -122.435188,
                                37.762671
                            ],
                            [
                                -122.434812,
                                37.762864
                            ],
                            [
                                -122.428936,
                                37.767369
                            ]
                        ]
                    ]
                ]
            },
            "properties": {
                "id": 45734,
                "name": "Duboce Triangle",
                "slug": "duboce-triangle-san-francisco-ca",
                "city": "San Francisco",
                "county": "San Francisco County",
                "state": "CA",
                "feature_type": "neighborhood",
                "hidden": false,
                "center_latitude": 37.7661504998957,
                "center_longitude": -122.43095099998862
            },
            "bbox": [
                -122.435794,
                37.762671,
                -122.426107,
                37.76963
            ]
        },
        {
            "type": "Feature",
            "geometry": {
                "type": "MultiPolygon",
                "coordinates": [
                    [
                        [
                            [
                                -122.421477,
                                37.754466
                            ],
                            [
                                -122.421435,
                                37.755268
                            ],
                            [
                                -122.44093,
                                37.754102
                            ],
                            [
                                -122.44175,
                                37.754595
                            ],
                            [
                                -122.442432,
                                37.753582
                            ],
                            [
                                -122.443436,
                                37.74942
                            ],
                            [
                                -122.444115,
                                37.74836
                            ],
                            [
                                -122.444021,
                                37.747529
                            ],
                            [
                                -122.444326,
                                37.747084
                            ],
                            [
                                -122.444838,
                                37.74692
                            ],
                            [
                                -122.444603,
                                37.746683
                            ],
                            [
                                -122.443961,
                                37.746765
                            ],
                            [
                                -122.443406,
                                37.746592
                            ],
                            [
                                -122.441261,
                                37.747241
                            ],
                            [
                                -122.440428,
                                37.747079
                            ],
                            [
                                -122.440088,
                                37.746537
                            ],
                            [
                                -122.44016,
                                37.745694
                            ],
                            [
                                -122.439912,
                                37.745108
                            ],
                            [
                                -122.436472,
                                37.742886
                            ],
                            [
                                -122.4358,
                                37.742105
                            ],
                            [
                                -122.43556,
                                37.74155
                            ],
                            [
                                -122.435387,
                                37.741923
                            ],
                            [
                                -122.434877,
                                37.742233
                            ],
                            [
                                -122.434157,
                                37.741738
                            ],
                            [
                                -122.423219,
                                37.742299
                            ],
                            [
                                -122.422153,
                                37.745307
                            ],
                            [
                                -122.42253,
                                37.748804
                            ],
                            [
                                -122.421284,
                                37.74885
                            ],
                            [
                                -122.421598,
                                37.752129
                            ],
                            [
                                -122.421477,
                                37.754466
                            ]
                        ]
                    ]
                ]
            },
            "properties": {
                "id": 45248,
                "name": "Noe Valley",
                "slug": "noe-valley-san-francisco-ca",
                "city": "San Francisco",
                "county": "San Francisco County",
                "state": "CA",
                "feature_type": "neighborhood",
                "hidden": false,
                "center_latitude": 37.74840900012532,
                "center_longitude": -122.433061000165
            },
            "bbox": [
                -122.444838,
                37.74155,
                -122.421284,
                37.755268
            ]
        },
        {
            "type": "Feature",
            "geometry": {
                "type": "MultiPolygon",
                "coordinates": [
                    [
                        [
                            [
                                -122.422679,
                                37.742332
                            ],
                            [
                                -122.434157,
                                37.741738
                            ],
                            [
                                -122.434877,
                                37.742233
                            ],
                            [
                                -122.435387,
                                37.741923
                            ],
                            [
                                -122.435425,
                                37.741688
                            ],
                            [
                                -122.435688,
                                37.741504
                            ],
                            [
                                -122.435548,
                                37.74106
                            ],
                            [
                                -122.435622,
                                37.740679
                            ],
                            [
                                -122.436664,
                                37.738862
                            ],
                            [
                                -122.437116,
                                37.738416
                            ],
                            [
                                -122.437554,
                                37.738329
                            ],
                            [
                                -122.43989,
                                37.738727
                            ],
                            [
                                -122.442627,
                                37.738473
                            ],
                            [
                                -122.443721,
                                37.737707
                            ],
                            [
                                -122.444847,
                                37.737499
                            ],
                            [
                                -122.445304,
                                37.736945
                            ],
                            [
                                -122.445538,
                                37.735291
                            ],
                            [
                                -122.445274,
                                37.73455
                            ],
                            [
                                -122.445253,
                                37.733477
                            ],
                            [
                                -122.442004,
                                37.733492
                            ],
                            [
                                -122.442002,
                                37.733098
                            ],
                            [
                                -122.437884,
                                37.733092
                            ],
                            [
                                -122.437465,
                                37.732912
                            ],
                            [
                                -122.437459,
                                37.731672
                            ],
                            [
                                -122.436763,
                                37.731631
                            ],
                            [
                                -122.436551,
                                37.731294
                            ],
                            [
                                -122.436238,
                                37.731159
                            ],
                            [
                                -122.433685,
                                37.731853
                            ],
                            [
                                -122.433944,
                                37.731968
                            ],
                            [
                                -122.433979,
                                37.732203
                            ],
                            [
                                -122.428437,
                                37.734951
                            ],
                            [
                                -122.425439,
                                37.73721
                            ],
                            [
                                -122.424385,
                                37.738827
                            ],
                            [
                                -122.423846,
                                37.740649
                            ],
                            [
                                -122.423481,
                                37.740752
                            ],
                            [
                                -122.422679,
                                37.742332
                            ]
                        ]
                    ]
                ]
            },
            "properties": {
                "id": 44812,
                "name": "Glen Park",
                "slug": "glen-park-san-francisco-ca",
                "city": "San Francisco",
                "county": "San Francisco County",
                "state": "CA",
                "feature_type": "neighborhood",
                "hidden": false,
                "center_latitude": 37.736745276123656,
                "center_longitude": -122.43410823101001
            },
            "bbox": [
                -122.445538,
                37.731159,
                -122.422679,
                37.742332
            ]
        },
        {
            "type": "Feature",
            "geometry": {
                "type": "MultiPolygon",
                "coordinates": [
                    [
                        [
                            [
                                -122.440131,
                                37.74669
                            ],
                            [
                                -122.440428,
                                37.747079
                            ],
                            [
                                -122.440929,
                                37.747255
                            ],
                            [
                                -122.443406,
                                37.746592
                            ],
                            [
                                -122.443961,
                                37.746765
                            ],
                            [
                                -122.444603,
                                37.746683
                            ],
                            [
                                -122.444857,
                                37.747025
                            ],
                            [
                                -122.450575,
                                37.74596
                            ],
                            [
                                -122.451692,
                                37.745629
                            ],
                            [
                                -122.449583,
                                37.743065
                            ],
                            [
                                -122.448821,
                                37.742749
                            ],
                            [
                                -122.446658,
                                37.742442
                            ],
                            [
                                -122.446257,
                                37.742072
                            ],
                            [
                                -122.4461,
                                37.741358
                            ],
                            [
                                -122.445898,
                                37.741117
                            ],
                            [
                                -122.444682,
                                37.740793
                            ],
                            [
                                -122.443922,
                                37.740088
                            ],
                            [
                                -122.442718,
                                37.739682
                            ],
                            [
                                -122.442504,
                                37.739238
                            ],
                            [
                                -122.442627,
                                37.738473
                            ],
                            [
                                -122.43989,
                                37.738727
                            ],
                            [
                                -122.437279,
                                37.738355
                            ],
                            [
                                -122.43673,
                                37.738769
                            ],
                            [
                                -122.435731,
                                37.74047
                            ],
                            [
                                -122.435552,
                                37.740928
                            ],
                            [
                                -122.435688,
                                37.741504
                            ],
                            [
                                -122.43556,
                                37.74155
                            ],
                            [
                                -122.4358,
                                37.742105
                            ],
                            [
                                -122.436472,
                                37.742886
                            ],
                            [
                                -122.439912,
                                37.745108
                            ],
                            [
                                -122.44016,
                                37.745694
                            ],
                            [
                                -122.440131,
                                37.74669
                            ]
                        ]
                    ]
                ]
            },
            "properties": {
                "id": 45162,
                "name": "Diamond Heights",
                "slug": "diamond-heights-san-francisco-ca",
                "city": "San Francisco",
                "county": "San Francisco County",
                "state": "CA",
                "feature_type": "neighborhood",
                "hidden": false,
                "center_latitude": 37.742791999651104,
                "center_longitude": -122.44361999966324
            },
            "bbox": [
                -122.451692,
                37.738355,
                -122.435552,
                37.747255
            ]
        },
        {
            "type": "Feature",
            "geometry": {
                "type": "MultiPolygon",
                "coordinates": [
                    [
                        [
                            [
                                -122.44437,
                                37.758407
                            ],
                            [
                                -122.444911,
                                37.758329
                            ],
                            [
                                -122.445919,
                                37.758725
                            ],
                            [
                                -122.446005,
                                37.758027
                            ],
                            [
                                -122.445815,
                                37.757259
                            ],
                            [
                                -122.446058,
                                37.756862
                            ],
                            [
                                -122.446655,
                                37.756942
                            ],
                            [
                                -122.447101,
                                37.757358
                            ],
                            [
                                -122.447694,
                                37.757628
                            ],
                            [
                                -122.447695,
                                37.757334
                            ],
                            [
                                -122.447119,
                                37.756875
                            ],
                            [
                                -122.446339,
                                37.755911
                            ],
                            [
                                -122.446126,
                                37.755804
                            ],
                            [
                                -122.445464,
                                37.755984
                            ],
                            [
                                -122.445222,
                                37.755737
                            ],
                            [
                                -122.44656,
                                37.755346
                            ],
                            [
                                -122.447004,
                                37.755438
                            ],
                            [
                                -122.447683,
                                37.755868
                            ],
                            [
                                -122.447962,
                                37.755673
                            ],
                            [
                                -122.447376,
                                37.754218
                            ],
                            [
                                -122.446869,
                                37.753762
                            ],
                            [
                                -122.446716,
                                37.753388
                            ],
                            [
                                -122.447741,
                                37.752289
                            ],
                            [
                                -122.448346,
                                37.751926
                            ],
                            [
                                -122.44873,
                                37.750902
                            ],
                            [
                                -122.449423,
                                37.750412
                            ],
                            [
                                -122.449717,
                                37.74954
                            ],
                            [
                                -122.449543,
                                37.749182
                            ],
                            [
                                -122.449245,
                                37.749106
                            ],
                            [
                                -122.448133,
                                37.75025
                            ],
                            [
                                -122.446924,
                                37.749962
                            ],
                            [
                                -122.445803,
                                37.749296
                            ],
                            [
                                -122.445658,
                                37.749137
                            ],
                            [
                                -122.445697,
                                37.748855
                            ],
                            [
                                -122.445022,
                                37.748369
                            ],
                            [
                                -122.444838,
                                37.74692
                            ],
                            [
                                -122.444326,
                                37.747084
                            ],
                            [
                                -122.444021,
                                37.747529
                            ],
                            [
                                -122.444115,
                                37.74836
                            ],
                            [
                                -122.443436,
                                37.74942
                            ],
                            [
                                -122.442432,
                                37.753582
                            ],
                            [
                                -122.440999,
                                37.75586
                            ],
                            [
                                -122.440974,
                                37.756115
                            ],
                            [
                                -122.441234,
                                37.756489
                            ],
                            [
                                -122.442369,
                                37.756846
                            ],
                            [
                                -122.443343,
                                37.757965
                            ],
                            [
                                -122.44437,
                                37.758407
                            ]
                        ]
                    ]
                ]
            },
            "properties": {
                "id": 44699,
                "name": "Twin Peaks",
                "slug": "twin-peaks-san-francisco-ca",
                "city": "San Francisco",
                "county": "San Francisco County",
                "state": "CA",
                "feature_type": "neighborhood",
                "hidden": false,
                "center_latitude": 37.752828500235154,
                "center_longitude": -122.44534550009473
            },
            "bbox": [
                -122.449717,
                37.74692,
                -122.440974,
                37.758725
            ]
        },
        {
            "type": "Feature",
            "geometry": {
                "type": "MultiPolygon",
                "coordinates": [
                    [
                        [
                            [
                                -122.452142,
                                37.756922
                            ],
                            [
                                -122.452373,
                                37.757068
                            ],
                            [
                                -122.453174,
                                37.756688
                            ],
                            [
                                -122.45357,
                                37.756876
                            ],
                            [
                                -122.454172,
                                37.756507
                            ],
                            [
                                -122.455052,
                                37.755116
                            ],
                            [
                                -122.455175,
                                37.754337
                            ],
                            [
                                -122.456032,
                                37.752886
                            ],
                            [
                                -122.456091,
                                37.751804
                            ],
                            [
                                -122.456448,
                                37.751483
                            ],
                            [
                                -122.457032,
                                37.751402
                            ],
                            [
                                -122.458985,
                                37.751946
                            ],
                            [
                                -122.460668,
                                37.751814
                            ],
                            [
                                -122.46147,
                                37.751522
                            ],
                            [
                                -122.460352,
                                37.749783
                            ],
                            [
                                -122.458662,
                                37.748038
                            ],
                            [
                                -122.458712,
                                37.747605
                            ],
                            [
                                -122.459174,
                                37.747286
                            ],
                            [
                                -122.458743,
                                37.746876
                            ],
                            [
                                -122.456224,
                                37.746558
                            ],
                            [
                                -122.454815,
                                37.746217
                            ],
                            [
                                -122.453829,
                                37.745724
                            ],
                            [
                                -122.451692,
                                37.745629
                            ],
                            [
                                -122.450575,
                                37.74596
                            ],
                            [
                                -122.444857,
                                37.747025
                            ],
                            [
                                -122.445022,
                                37.748369
                            ],
                            [
                                -122.445697,
                                37.748855
                            ],
                            [
                                -122.445658,
                                37.749137
                            ],
                            [
                                -122.445803,
                                37.749296
                            ],
                            [
                                -122.446924,
                                37.749962
                            ],
                            [
                                -122.448133,
                                37.75025
                            ],
                            [
                                -122.449245,
                                37.749106
                            ],
                            [
                                -122.449543,
                                37.749182
                            ],
                            [
                                -122.449717,
                                37.74954
                            ],
                            [
                                -122.449423,
                                37.750412
                            ],
                            [
                                -122.44873,
                                37.750902
                            ],
                            [
                                -122.448346,
                                37.751926
                            ],
                            [
                                -122.447741,
                                37.752289
                            ],
                            [
                                -122.446716,
                                37.753388
                            ],
                            [
                                -122.446869,
                                37.753762
                            ],
                            [
                                -122.447376,
                                37.754218
                            ],
                            [
                                -122.447962,
                                37.755673
                            ],
                            [
                                -122.447683,
                                37.755868
                            ],
                            [
                                -122.447004,
                                37.755438
                            ],
                            [
                                -122.44656,
                                37.755346
                            ],
                            [
                                -122.445348,
                                37.755619
                            ],
                            [
                                -122.445268,
                                37.755921
                            ],
                            [
                                -122.446126,
                                37.755804
                            ],
                            [
                                -122.44695,
                                37.75655
                            ],
                            [
                                -122.448322,
                                37.756856
                            ],
                            [
                                -122.452126,
                                37.756659
                            ],
                            [
                                -122.452142,
                                37.756922
                            ]
                        ]
                    ]
                ]
            },
            "properties": {
                "id": 45717,
                "name": "Midtown Terrace",
                "slug": "midtown-terrace-san-francisco-ca",
                "city": "San Francisco",
                "county": "San Francisco County",
                "state": "CA",
                "feature_type": "neighborhood",
                "hidden": false,
                "center_latitude": 37.75134849988342,
                "center_longitude": -122.4531634999955
            },
            "bbox": [
                -122.46147,
                37.745629,
                -122.444857,
                37.757068
            ]
        },
        {
            "type": "Feature",
            "geometry": {
                "type": "MultiPolygon",
                "coordinates": [
                    [
                        [
                            [
                                -122.453645,
                                37.745696
                            ],
                            [
                                -122.454815,
                                37.746217
                            ],
                            [
                                -122.456224,
                                37.746558
                            ],
                            [
                                -122.458743,
                                37.746876
                            ],
                            [
                                -122.459174,
                                37.747286
                            ],
                            [
                                -122.463686,
                                37.743749
                            ],
                            [
                                -122.461367,
                                37.742689
                            ],
                            [
                                -122.459386,
                                37.740571
                            ],
                            [
                                -122.458766,
                                37.740609
                            ],
                            [
                                -122.457711,
                                37.740958
                            ],
                            [
                                -122.456361,
                                37.741668
                            ],
                            [
                                -122.455854,
                                37.742181
                            ],
                            [
                                -122.455216,
                                37.743222
                            ],
                            [
                                -122.454735,
                                37.743645
                            ],
                            [
                                -122.451692,
                                37.745629
                            ],
                            [
                                -122.453645,
                                37.745696
                            ]
                        ]
                    ]
                ]
            },
            "properties": {
                "id": 45243,
                "name": "Forest Hill Extension",
                "slug": "forest-hill-extension-san-francisco-ca",
                "city": "San Francisco",
                "county": "San Francisco County",
                "state": "CA",
                "feature_type": "neighborhood",
                "hidden": false,
                "center_latitude": 37.74392849990039,
                "center_longitude": -122.45768899959762
            },
            "bbox": [
                -122.463686,
                37.740571,
                -122.451692,
                37.747286
            ]
        },
        {
            "type": "Feature",
            "geometry": {
                "type": "MultiPolygon",
                "coordinates": [
                    [
                        [
                            [
                                -122.422461,
                                37.748015
                            ],
                            [
                                -122.408161,
                                37.748364
                            ],
                            [
                                -122.403772,
                                37.74944
                            ],
                            [
                                -122.40286,
                                37.75268
                            ],
                            [
                                -122.403283,
                                37.756086
                            ],
                            [
                                -122.403778,
                                37.757135
                            ],
                            [
                                -122.405739,
                                37.758752
                            ],
                            [
                                -122.406345,
                                37.75967
                            ],
                            [
                                -122.407879,
                                37.768939
                            ],
                            [
                                -122.411325,
                                37.769444
                            ],
                            [
                                -122.417882,
                                37.769765
                            ],
                            [
                                -122.421192,
                                37.770184
                            ],
                            [
                                -122.422243,
                                37.770544
                            ],
                            [
                                -122.422446,
                                37.77072
                            ],
                            [
                                -122.420991,
                                37.755316
                            ],
                            [
                                -122.421451,
                                37.755284
                            ],
                            [
                                -122.421596,
                                37.752056
                            ],
                            [
                                -122.421284,
                                37.748843
                            ],
                            [
                                -122.422517,
                                37.748793
                            ],
                            [
                                -122.422461,
                                37.748015
                            ]
                        ]
                    ]
                ]
            },
            "properties": {
                "id": 178360,
                "name": "Mission District",
                "slug": "mission-district-san-francisco-ca",
                "city": "San Francisco",
                "county": "San Francisco County",
                "state": "CA",
                "feature_type": "neighborhood",
                "hidden": false,
                "center_latitude": 37.75904895016245,
                "center_longitude": -122.41396430675873
            },
            "bbox": [
                -122.422517,
                37.748015,
                -122.40286,
                37.77072
            ]
        },
        {
            "type": "Feature",
            "geometry": {
                "type": "MultiPolygon",
                "coordinates": [
                    [
                        [
                            [
                                -122.423846,
                                37.740649
                            ],
                            [
                                -122.424385,
                                37.738827
                            ],
                            [
                                -122.425439,
                                37.73721
                            ],
                            [
                                -122.428437,
                                37.734951
                            ],
                            [
                                -122.433979,
                                37.732203
                            ],
                            [
                                -122.433944,
                                37.731968
                            ],
                            [
                                -122.433685,
                                37.731853
                            ],
                            [
                                -122.431301,
                                37.732332
                            ],
                            [
                                -122.429566,
                                37.732292
                            ],
                            [
                                -122.426105,
                                37.731653
                            ],
                            [
                                -122.42455,
                                37.731548
                            ],
                            [
                                -122.41967,
                                37.732015
                            ],
                            [
                                -122.416648,
                                37.732015
                            ],
                            [
                                -122.414388,
                                37.732417
                            ],
                            [
                                -122.409496,
                                37.735046
                            ],
                            [
                                -122.408488,
                                37.736291
                            ],
                            [
                                -122.408217,
                                37.73761
                            ],
                            [
                                -122.407752,
                                37.741251
                            ],
                            [
                                -122.40518,
                                37.744981
                            ],
                            [
                                -122.403784,
                                37.749433
                            ],
                            [
                                -122.408159,
                                37.748365
                            ],
                            [
                                -122.422455,
                                37.748007
                            ],
                            [
                                -122.42217,
                                37.745176
                            ],
                            [
                                -122.423219,
                                37.742299
                            ],
                            [
                                -122.422679,
                                37.742332
                            ],
                            [
                                -122.423481,
                                37.740752
                            ],
                            [
                                -122.423846,
                                37.740649
                            ]
                        ]
                    ]
                ]
            },
            "properties": {
                "id": 44506,
                "name": "Bernal Heights",
                "slug": "bernal-heights-san-francisco-ca",
                "city": "San Francisco",
                "county": "San Francisco County",
                "state": "CA",
                "feature_type": "neighborhood",
                "hidden": false,
                "center_latitude": 37.740491000109614,
                "center_longitude": -122.41888150008111
            },
            "bbox": [
                -122.433979,
                37.731548,
                -122.403784,
                37.749433
            ]
        },
        {
            "type": "Feature",
            "geometry": {
                "type": "MultiPolygon",
                "coordinates": [
                    [
                        [
                            [
                                -122.406637,
                                37.735183
                            ],
                            [
                                -122.408218,
                                37.737613
                            ],
                            [
                                -122.408488,
                                37.736291
                            ],
                            [
                                -122.409505,
                                37.735044
                            ],
                            [
                                -122.414388,
                                37.732417
                            ],
                            [
                                -122.416657,
                                37.732013
                            ],
                            [
                                -122.419685,
                                37.732006
                            ],
                            [
                                -122.419862,
                                37.729003
                            ],
                            [
                                -122.42374,
                                37.72876
                            ],
                            [
                                -122.421847,
                                37.724199
                            ],
                            [
                                -122.421708,
                                37.724235
                            ],
                            [
                                -122.419371,
                                37.718972
                            ],
                            [
                                -122.415723,
                                37.718269
                            ],
                            [
                                -122.414211,
                                37.718202
                            ],
                            [
                                -122.400592,
                                37.721837
                            ],
                            [
                                -122.40297,
                                37.727796
                            ],
                            [
                                -122.40464,
                                37.731497
                            ],
                            [
                                -122.406637,
                                37.735183
                            ]
                        ]
                    ]
                ]
            },
            "properties": {
                "id": 44848,
                "name": "Portola",
                "slug": "portola-san-francisco-ca",
                "city": "San Francisco",
                "county": "San Francisco County",
                "state": "CA",
                "feature_type": "neighborhood",
                "hidden": false,
                "center_latitude": 37.727929876362765,
                "center_longitude": -122.41216583518514
            },
            "bbox": [
                -122.42374,
                37.718202,
                -122.400592,
                37.737613
            ]
        },
        {
            "type": "Feature",
            "geometry": {
                "type": "MultiPolygon",
                "coordinates": [
                    [
                        [
                            [
                                -122.428038,
                                37.732016
                            ],
                            [
                                -122.42957,
                                37.732293
                            ],
                            [
                                -122.431305,
                                37.732328
                            ],
                            [
                                -122.433688,
                                37.731849
                            ],
                            [
                                -122.436238,
                                37.731159
                            ],
                            [
                                -122.436551,
                                37.731294
                            ],
                            [
                                -122.439558,
                                37.730191
                            ],
                            [
                                -122.439483,
                                37.730112
                            ],
                            [
                                -122.443075,
                                37.728634
                            ],
                            [
                                -122.445041,
                                37.727295
                            ],
                            [
                                -122.446864,
                                37.725213
                            ],
                            [
                                -122.447586,
                                37.72388
                            ],
                            [
                                -122.448202,
                                37.721408
                            ],
                            [
                                -122.444977,
                                37.720055
                            ],
                            [
                                -122.441466,
                                37.717197
                            ],
                            [
                                -122.440999,
                                37.716488
                            ],
                            [
                                -122.432808,
                                37.727315
                            ],
                            [
                                -122.428038,
                                37.732016
                            ]
                        ]
                    ]
                ]
            },
            "properties": {
                "id": 44746,
                "name": "Mission Terrace",
                "slug": "mission-terrace-san-francisco-ca",
                "city": "San Francisco",
                "county": "San Francisco County",
                "state": "CA",
                "feature_type": "neighborhood",
                "hidden": false,
                "center_latitude": 37.72442150010218,
                "center_longitude": -122.43811999963825
            },
            "bbox": [
                -122.448202,
                37.716488,
                -122.428038,
                37.732328
            ]
        },
        {
            "type": "Feature",
            "geometry": {
                "type": "MultiPolygon",
                "coordinates": [
                    [
                        [
                            [
                                -122.387512,
                                37.750267
                            ],
                            [
                                -122.403784,
                                37.749433
                            ],
                            [
                                -122.40518,
                                37.744981
                            ],
                            [
                                -122.407757,
                                37.741253
                            ],
                            [
                                -122.408217,
                                37.737612
                            ],
                            [
                                -122.406646,
                                37.735199
                            ],
                            [
                                -122.402431,
                                37.737228
                            ],
                            [
                                -122.399645,
                                37.73988
                            ],
                            [
                                -122.392214,
                                37.735661
                            ],
                            [
                                -122.395726,
                                37.731912
                            ],
                            [
                                -122.395058,
                                37.731055
                            ],
                            [
                                -122.395377,
                                37.729654
                            ],
                            [
                                -122.39739,
                                37.72994
                            ],
                            [
                                -122.398622,
                                37.728558
                            ],
                            [
                                -122.39927,
                                37.72678
                            ],
                            [
                                -122.400296,
                                37.727012
                            ],
                            [
                                -122.402209,
                                37.728102
                            ],
                            [
                                -122.402984,
                                37.727792
                            ],
                            [
                                -122.401442,
                                37.723773
                            ],
                            [
                                -122.395542,
                                37.72241
                            ],
                            [
                                -122.39187,
                                37.720349
                            ],
                            [
                                -122.393258,
                                37.718806
                            ],
                            [
                                -122.390277,
                                37.717172
                            ],
                            [
                                -122.388592,
                                37.714845
                            ],
                            [
                                -122.388,
                                37.715479
                            ],
                            [
                                -122.388131,
                                37.716298
                            ],
                            [
                                -122.38685,
                                37.717509
                            ],
                            [
                                -122.386265,
                                37.717179
                            ],
                            [
                                -122.381875,
                                37.722204
                            ],
                            [
                                -122.382173,
                                37.722249
                            ],
                            [
                                -122.377833,
                                37.72656
                            ],
                            [
                                -122.383431,
                                37.729738
                            ],
                            [
                                -122.38227,
                                37.73062
                            ],
                            [
                                -122.379779,
                                37.730799
                            ],
                            [
                                -122.379348,
                                37.731544
                            ],
                            [
                                -122.379596,
                                37.732465
                            ],
                            [
                                -122.380982,
                                37.732645
                            ],
                            [
                                -122.38236,
                                37.733715
                            ],
                            [
                                -122.384286,
                                37.737762
                            ],
                            [
                                -122.388695,
                                37.740283
                            ],
                            [
                                -122.387018,
                                37.745003
                            ],
                            [
                                -122.387512,
                                37.750267
                            ]
                        ]
                    ]
                ]
            },
            "properties": {
                "id": 45566,
                "name": "Bayview",
                "slug": "bayview-san-francisco-ca",
                "city": "San Francisco",
                "county": "San Francisco County",
                "state": "CA",
                "feature_type": "neighborhood",
                "hidden": false,
                "center_latitude": 37.73255603663182,
                "center_longitude": -122.39303300012281
            },
            "bbox": [
                -122.408217,
                37.714845,
                -122.377833,
                37.750267
            ]
        },
        {
            "type": "Feature",
            "geometry": {
                "type": "MultiPolygon",
                "coordinates": [
                    [
                        [
                            [
                                -122.383314,
                                37.720358
                            ],
                            [
                                -122.386265,
                                37.717179
                            ],
                            [
                                -122.38685,
                                37.717509
                            ],
                            [
                                -122.388131,
                                37.716298
                            ],
                            [
                                -122.388,
                                37.715479
                            ],
                            [
                                -122.388592,
                                37.714845
                            ],
                            [
                                -122.390277,
                                37.717172
                            ],
                            [
                                -122.393258,
                                37.718806
                            ],
                            [
                                -122.395288,
                                37.716817
                            ],
                            [
                                -122.398,
                                37.715494
                            ],
                            [
                                -122.398266,
                                37.715148
                            ],
                            [
                                -122.395963,
                                37.711836
                            ],
                            [
                                -122.395107,
                                37.708339
                            ],
                            [
                                -122.393226,
                                37.708282
                            ],
                            [
                                -122.391479,
                                37.709698
                            ],
                            [
                                -122.39062,
                                37.709205
                            ],
                            [
                                -122.389718,
                                37.70962
                            ],
                            [
                                -122.388063,
                                37.708673
                            ],
                            [
                                -122.385984,
                                37.709998
                            ],
                            [
                                -122.384515,
                                37.709295
                            ],
                            [
                                -122.3794,
                                37.70842
                            ],
                            [
                                -122.37443,
                                37.70863
                            ],
                            [
                                -122.376022,
                                37.709691
                            ],
                            [
                                -122.377942,
                                37.708608
                            ],
                            [
                                -122.380041,
                                37.710605
                            ],
                            [
                                -122.38008,
                                37.711417
                            ],
                            [
                                -122.376126,
                                37.716091
                            ],
                            [
                                -122.383314,
                                37.720358
                            ]
                        ]
                    ]
                ]
            },
            "properties": {
                "id": 45007,
                "name": "Candlestick Point",
                "slug": "candlestick-point-san-francisco-ca",
                "city": "San Francisco",
                "county": "San Francisco County",
                "state": "CA",
                "feature_type": "neighborhood",
                "hidden": false,
                "center_latitude": 37.71430100014112,
                "center_longitude": -122.38631999991802
            },
            "bbox": [
                -122.398266,
                37.708282,
                -122.37443,
                37.720358
            ]
        },
        {
            "type": "Feature",
            "geometry": {
                "type": "MultiPolygon",
                "coordinates": [
                    [
                        [
                            [
                                -122.398646,
                                37.71591
                            ],
                            [
                                -122.398987,
                                37.716595
                            ],
                            [
                                -122.400592,
                                37.721837
                            ],
                            [
                                -122.414211,
                                37.718202
                            ],
                            [
                                -122.415723,
                                37.718269
                            ],
                            [
                                -122.419581,
                                37.718999
                            ],
                            [
                                -122.420584,
                                37.718908
                            ],
                            [
                                -122.424797,
                                37.710358
                            ],
                            [
                                -122.423328,
                                37.709315
                            ],
                            [
                                -122.42389,
                                37.708236
                            ],
                            [
                                -122.405582,
                                37.708231
                            ],
                            [
                                -122.404821,
                                37.709747
                            ],
                            [
                                -122.40328,
                                37.711818
                            ],
                            [
                                -122.402792,
                                37.712172
                            ],
                            [
                                -122.401607,
                                37.712514
                            ],
                            [
                                -122.40097,
                                37.712869
                            ],
                            [
                                -122.399367,
                                37.714598
                            ],
                            [
                                -122.398646,
                                37.71591
                            ]
                        ]
                    ]
                ]
            },
            "properties": {
                "id": 44767,
                "name": "Visitacion Valley",
                "slug": "visitacion-valley-san-francisco-ca",
                "city": "San Francisco",
                "county": "San Francisco County",
                "state": "CA",
                "feature_type": "neighborhood",
                "hidden": false,
                "center_latitude": 37.71503363149694,
                "center_longitude": -122.41172175040842
            },
            "bbox": [
                -122.424797,
                37.708231,
                -122.398646,
                37.721837
            ]
        },
        {
            "type": "Feature",
            "geometry": {
                "type": "MultiPolygon",
                "coordinates": [
                    [
                        [
                            [
                                -122.398266,
                                37.715148
                            ],
                            [
                                -122.398646,
                                37.71591
                            ],
                            [
                                -122.399367,
                                37.714598
                            ],
                            [
                                -122.40097,
                                37.712869
                            ],
                            [
                                -122.403109,
                                37.711998
                            ],
                            [
                                -122.404821,
                                37.709747
                            ],
                            [
                                -122.405582,
                                37.708231
                            ],
                            [
                                -122.395107,
                                37.708339
                            ],
                            [
                                -122.395808,
                                37.711383
                            ],
                            [
                                -122.396198,
                                37.712395
                            ],
                            [
                                -122.398266,
                                37.715148
                            ]
                        ]
                    ]
                ]
            },
            "properties": {
                "id": 45018,
                "name": "Little Hollywood",
                "slug": "little-hollywood-san-francisco-ca",
                "city": "San Francisco",
                "county": "San Francisco County",
                "state": "CA",
                "feature_type": "neighborhood",
                "hidden": false,
                "center_latitude": 37.712070500253446,
                "center_longitude": -122.40034450004859
            },
            "bbox": [
                -122.405582,
                37.708231,
                -122.395107,
                37.71591
            ]
        },
        {
            "type": "Feature",
            "geometry": {
                "type": "MultiPolygon",
                "coordinates": [
                    [
                        [
                            [
                                -122.399608,
                                37.726858
                            ],
                            [
                                -122.39927,
                                37.72678
                            ],
                            [
                                -122.398622,
                                37.728558
                            ],
                            [
                                -122.39739,
                                37.72994
                            ],
                            [
                                -122.395377,
                                37.729654
                            ],
                            [
                                -122.395058,
                                37.731055
                            ],
                            [
                                -122.395726,
                                37.731912
                            ],
                            [
                                -122.392214,
                                37.735661
                            ],
                            [
                                -122.399645,
                                37.73988
                            ],
                            [
                                -122.402431,
                                37.737228
                            ],
                            [
                                -122.406646,
                                37.735199
                            ],
                            [
                                -122.40464,
                                37.731497
                            ],
                            [
                                -122.40297,
                                37.727796
                            ],
                            [
                                -122.402209,
                                37.728102
                            ],
                            [
                                -122.400309,
                                37.727021
                            ],
                            [
                                -122.399608,
                                37.726858
                            ]
                        ]
                    ]
                ]
            },
            "properties": {
                "id": 44591,
                "name": "Silver Terrace",
                "slug": "silver-terrace-san-francisco-ca",
                "city": "San Francisco",
                "county": "San Francisco County",
                "state": "CA",
                "feature_type": "neighborhood",
                "hidden": false,
                "center_latitude": 37.733329999929595,
                "center_longitude": -122.39955400001705
            },
            "bbox": [
                -122.406646,
                37.72678,
                -122.392214,
                37.73988
            ]
        },
        {
            "type": "Feature",
            "geometry": {
                "type": "MultiPolygon",
                "coordinates": [
                    [
                        [
                            [
                                -122.393258,
                                37.718806
                            ],
                            [
                                -122.39187,
                                37.720349
                            ],
                            [
                                -122.395542,
                                37.72241
                            ],
                            [
                                -122.40136,
                                37.723753
                            ],
                            [
                                -122.400216,
                                37.720812
                            ],
                            [
                                -122.398987,
                                37.716595
                            ],
                            [
                                -122.398266,
                                37.715148
                            ],
                            [
                                -122.398,
                                37.715494
                            ],
                            [
                                -122.395288,
                                37.716817
                            ],
                            [
                                -122.393258,
                                37.718806
                            ]
                        ]
                    ]
                ]
            },
            "properties": {
                "id": 45812,
                "name": "Bayview Heights",
                "slug": "bayview-heights-san-francisco-ca",
                "city": "San Francisco",
                "county": "San Francisco County",
                "state": "CA",
                "feature_type": "neighborhood",
                "hidden": false,
                "center_latitude": 37.71945026007151,
                "center_longitude": -122.39661489236337
            },
            "bbox": [
                -122.40136,
                37.715148,
                -122.39187,
                37.723753
            ]
        },
        {
            "type": "Feature",
            "geometry": {
                "type": "MultiPolygon",
                "coordinates": [
                    [
                        [
                            [
                                -122.419371,
                                37.718972
                            ],
                            [
                                -122.421708,
                                37.724235
                            ],
                            [
                                -122.421847,
                                37.724199
                            ],
                            [
                                -122.42374,
                                37.72876
                            ],
                            [
                                -122.419862,
                                37.729003
                            ],
                            [
                                -122.419685,
                                37.732002
                            ],
                            [
                                -122.424554,
                                37.731549
                            ],
                            [
                                -122.426104,
                                37.731651
                            ],
                            [
                                -122.428038,
                                37.732016
                            ],
                            [
                                -122.432808,
                                37.727315
                            ],
                            [
                                -122.440999,
                                37.716488
                            ],
                            [
                                -122.433897,
                                37.713252
                            ],
                            [
                                -122.428808,
                                37.712126
                            ],
                            [
                                -122.425512,
                                37.710789
                            ],
                            [
                                -122.424797,
                                37.710358
                            ],
                            [
                                -122.420584,
                                37.718908
                            ],
                            [
                                -122.419371,
                                37.718972
                            ]
                        ]
                    ]
                ]
            },
            "properties": {
                "id": 44877,
                "name": "Excelsior",
                "slug": "excelsior-san-francisco-ca",
                "city": "San Francisco",
                "county": "San Francisco County",
                "state": "CA",
                "feature_type": "neighborhood",
                "hidden": false,
                "center_latitude": 37.721202135819965,
                "center_longitude": -122.43018484370552
            },
            "bbox": [
                -122.440999,
                37.710358,
                -122.419371,
                37.732016
            ]
        },
        {
            "type": "Feature",
            "geometry": {
                "type": "MultiPolygon",
                "coordinates": [
                    [
                        [
                            [
                                -122.454281,
                                37.708256
                            ],
                            [
                                -122.448931,
                                37.710074
                            ],
                            [
                                -122.445528,
                                37.711887
                            ],
                            [
                                -122.441896,
                                37.715308
                            ],
                            [
                                -122.440999,
                                37.716488
                            ],
                            [
                                -122.441343,
                                37.717038
                            ],
                            [
                                -122.444977,
                                37.720055
                            ],
                            [
                                -122.448202,
                                37.721408
                            ],
                            [
                                -122.448686,
                                37.717596
                            ],
                            [
                                -122.449211,
                                37.716306
                            ],
                            [
                                -122.450366,
                                37.715016
                            ],
                            [
                                -122.452951,
                                37.712772
                            ],
                            [
                                -122.454504,
                                37.711634
                            ],
                            [
                                -122.455619,
                                37.711066
                            ],
                            [
                                -122.457312,
                                37.710648
                            ],
                            [
                                -122.464767,
                                37.710482
                            ],
                            [
                                -122.465994,
                                37.710154
                            ],
                            [
                                -122.467162,
                                37.709634
                            ],
                            [
                                -122.468939,
                                37.708232
                            ],
                            [
                                -122.465383,
                                37.708132
                            ],
                            [
                                -122.463583,
                                37.708332
                            ],
                            [
                                -122.454281,
                                37.708256
                            ]
                        ]
                    ]
                ]
            },
            "properties": {
                "id": 45577,
                "name": "Outer Mission",
                "slug": "outer-mission-san-francisco-ca",
                "city": "San Francisco",
                "county": "San Francisco County",
                "state": "CA",
                "feature_type": "neighborhood",
                "hidden": false,
                "center_latitude": 37.71476950016236,
                "center_longitude": -122.45496900006927
            },
            "bbox": [
                -122.468939,
                37.708132,
                -122.440999,
                37.721408
            ]
        },
        {
            "type": "Feature",
            "geometry": {
                "type": "MultiPolygon",
                "coordinates": [
                    [
                        [
                            [
                                -122.4537,
                                37.716109
                            ],
                            [
                                -122.454514,
                                37.717489
                            ],
                            [
                                -122.454546,
                                37.717667
                            ],
                            [
                                -122.454235,
                                37.718035
                            ],
                            [
                                -122.462241,
                                37.717941
                            ],
                            [
                                -122.462141,
                                37.710572
                            ],
                            [
                                -122.458307,
                                37.7106
                            ],
                            [
                                -122.457312,
                                37.710648
                            ],
                            [
                                -122.456339,
                                37.710832
                            ],
                            [
                                -122.455619,
                                37.711066
                            ],
                            [
                                -122.455028,
                                37.711317
                            ],
                            [
                                -122.453871,
                                37.712043
                            ],
                            [
                                -122.452951,
                                37.712772
                            ],
                            [
                                -122.452278,
                                37.713344
                            ],
                            [
                                -122.451634,
                                37.713937
                            ],
                            [
                                -122.450235,
                                37.715132
                            ],
                            [
                                -122.449627,
                                37.715739
                            ],
                            [
                                -122.450378,
                                37.716169
                            ],
                            [
                                -122.452334,
                                37.717212
                            ],
                            [
                                -122.453515,
                                37.715798
                            ],
                            [
                                -122.4537,
                                37.716109
                            ]
                        ]
                    ]
                ]
            },
            "properties": {
                "id": 45046,
                "name": "Oceanview",
                "slug": "oceanview-san-francisco-ca",
                "city": "San Francisco",
                "county": "San Francisco County",
                "state": "CA",
                "feature_type": "neighborhood",
                "hidden": false,
                "center_latitude": 37.714303949467734,
                "center_longitude": -122.45593410122774
            },
            "bbox": [
                -122.462241,
                37.710572,
                -122.449627,
                37.718035
            ]
        },
        {
            "type": "Feature",
            "geometry": {
                "type": "MultiPolygon",
                "coordinates": [
                    [
                        [
                            [
                                -122.462265,
                                37.721695
                            ],
                            [
                                -122.462265,
                                37.721748
                            ],
                            [
                                -122.462335,
                                37.721706
                            ],
                            [
                                -122.462394,
                                37.721694
                            ],
                            [
                                -122.471674,
                                37.721631
                            ],
                            [
                                -122.47176,
                                37.721671
                            ],
                            [
                                -122.471983,
                                37.721661
                            ],
                            [
                                -122.47244,
                                37.721603
                            ],
                            [
                                -122.472639,
                                37.717932
                            ],
                            [
                                -122.472435,
                                37.717935
                            ],
                            [
                                -122.472438,
                                37.717871
                            ],
                            [
                                -122.462241,
                                37.717941
                            ],
                            [
                                -122.462265,
                                37.721695
                            ]
                        ]
                    ]
                ]
            },
            "properties": {
                "id": 45470,
                "name": "Merced Heights",
                "slug": "merced-heights-san-francisco-ca",
                "city": "San Francisco",
                "county": "San Francisco County",
                "state": "CA",
                "feature_type": "neighborhood",
                "hidden": false,
                "center_latitude": 37.71980949965874,
                "center_longitude": -122.46744032336218
            },
            "bbox": [
                -122.472639,
                37.717871,
                -122.462241,
                37.721748
            ]
        },
        {
            "type": "Feature",
            "geometry": {
                "type": "MultiPolygon",
                "coordinates": [
                    [
                        [
                            [
                                -122.424797,
                                37.710358
                            ],
                            [
                                -122.425512,
                                37.710789
                            ],
                            [
                                -122.428808,
                                37.712126
                            ],
                            [
                                -122.433897,
                                37.713252
                            ],
                            [
                                -122.440999,
                                37.716488
                            ],
                            [
                                -122.441896,
                                37.715308
                            ],
                            [
                                -122.445528,
                                37.711887
                            ],
                            [
                                -122.448931,
                                37.710074
                            ],
                            [
                                -122.454356,
                                37.708232
                            ],
                            [
                                -122.452183,
                                37.708132
                            ],
                            [
                                -122.444482,
                                37.708332
                            ],
                            [
                                -122.440536,
                                37.708225
                            ],
                            [
                                -122.440459,
                                37.708338
                            ],
                            [
                                -122.433982,
                                37.708132
                            ],
                            [
                                -122.428082,
                                37.708431
                            ],
                            [
                                -122.42389,
                                37.708236
                            ],
                            [
                                -122.423328,
                                37.709315
                            ],
                            [
                                -122.424797,
                                37.710358
                            ]
                        ]
                    ]
                ]
            },
            "properties": {
                "id": 45234,
                "name": "Crocker Amazon",
                "slug": "crocker-amazon-san-francisco-ca",
                "city": "San Francisco",
                "county": "San Francisco County",
                "state": "CA",
                "feature_type": "neighborhood",
                "hidden": false,
                "center_latitude": 37.712310000056505,
                "center_longitude": -122.4388420001082
            },
            "bbox": [
                -122.454356,
                37.708132,
                -122.423328,
                37.716488
            ]
        },
        {
            "type": "Feature",
            "geometry": {
                "type": "MultiPolygon",
                "coordinates": [
                    [
                        [
                            [
                                -122.458542,
                                37.736053
                            ],
                            [
                                -122.459291,
                                37.736343
                            ],
                            [
                                -122.459882,
                                37.736993
                            ],
                            [
                                -122.460282,
                                37.737855
                            ],
                            [
                                -122.460377,
                                37.737774
                            ],
                            [
                                -122.460379,
                                37.736762
                            ],
                            [
                                -122.459472,
                                37.735154
                            ],
                            [
                                -122.459368,
                                37.734739
                            ],
                            [
                                -122.459505,
                                37.734291
                            ],
                            [
                                -122.458891,
                                37.733313
                            ],
                            [
                                -122.458614,
                                37.732543
                            ],
                            [
                                -122.458502,
                                37.731627
                            ],
                            [
                                -122.458696,
                                37.730838
                            ],
                            [
                                -122.455771,
                                37.731396
                            ],
                            [
                                -122.453411,
                                37.731568
                            ],
                            [
                                -122.45341,
                                37.733275
                            ],
                            [
                                -122.452506,
                                37.733796
                            ],
                            [
                                -122.453094,
                                37.735102
                            ],
                            [
                                -122.453828,
                                37.735905
                            ],
                            [
                                -122.453827,
                                37.736674
                            ],
                            [
                                -122.454058,
                                37.736644
                            ],
                            [
                                -122.454477,
                                37.736231
                            ],
                            [
                                -122.455145,
                                37.736077
                            ],
                            [
                                -122.457661,
                                37.736178
                            ],
                            [
                                -122.458542,
                                37.736053
                            ]
                        ]
                    ]
                ]
            },
            "properties": {
                "id": 45423,
                "name": "Westwood Highlands",
                "slug": "westwood-highlands-san-francisco-ca",
                "city": "San Francisco",
                "county": "San Francisco County",
                "state": "CA",
                "feature_type": "neighborhood",
                "hidden": false,
                "center_latitude": 37.734346500041,
                "center_longitude": -122.45647050006349
            },
            "bbox": [
                -122.460379,
                37.730838,
                -122.452506,
                37.737855
            ]
        },
        {
            "type": "Feature",
            "geometry": {
                "type": "MultiPolygon",
                "coordinates": [
                    [
                        [
                            [
                                -122.460461,
                                37.729996
                            ],
                            [
                                -122.460377,
                                37.724807
                            ],
                            [
                                -122.454115,
                                37.723401
                            ],
                            [
                                -122.452335,
                                37.72318
                            ],
                            [
                                -122.452447,
                                37.729834
                            ],
                            [
                                -122.453394,
                                37.729837
                            ],
                            [
                                -122.453411,
                                37.731568
                            ],
                            [
                                -122.454833,
                                37.731516
                            ],
                            [
                                -122.458415,
                                37.730848
                            ],
                            [
                                -122.459884,
                                37.730758
                            ],
                            [
                                -122.460461,
                                37.729996
                            ]
                        ]
                    ]
                ]
            },
            "properties": {
                "id": 45643,
                "name": "Westwood Park",
                "slug": "westwood-park-san-francisco-ca",
                "city": "San Francisco",
                "county": "San Francisco County",
                "state": "CA",
                "feature_type": "neighborhood",
                "hidden": false,
                "center_latitude": 37.727374000010144,
                "center_longitude": -122.45639467507416
            },
            "bbox": [
                -122.460461,
                37.72318,
                -122.452335,
                37.731568
            ]
        },
        {
            "type": "Feature",
            "geometry": {
                "type": "MultiPolygon",
                "coordinates": [
                    [
                        [
                            [
                                -122.38052,
                                37.747189
                            ],
                            [
                                -122.386834,
                                37.747074
                            ],
                            [
                                -122.386894,
                                37.74755
                            ],
                            [
                                -122.38618,
                                37.748086
                            ],
                            [
                                -122.375775,
                                37.748749
                            ],
                            [
                                -122.375972,
                                37.750963
                            ],
                            [
                                -122.387513,
                                37.750302
                            ],
                            [
                                -122.387018,
                                37.745003
                            ],
                            [
                                -122.388695,
                                37.740283
                            ],
                            [
                                -122.384286,
                                37.737762
                            ],
                            [
                                -122.38236,
                                37.733715
                            ],
                            [
                                -122.380982,
                                37.732645
                            ],
                            [
                                -122.379596,
                                37.732465
                            ],
                            [
                                -122.379346,
                                37.731837
                            ],
                            [
                                -122.379995,
                                37.730657
                            ],
                            [
                                -122.38227,
                                37.73062
                            ],
                            [
                                -122.383431,
                                37.729738
                            ],
                            [
                                -122.377833,
                                37.72656
                            ],
                            [
                                -122.382173,
                                37.722249
                            ],
                            [
                                -122.380658,
                                37.721771
                            ],
                            [
                                -122.379121,
                                37.72361
                            ],
                            [
                                -122.377081,
                                37.724241
                            ],
                            [
                                -122.375941,
                                37.722678
                            ],
                            [
                                -122.375557,
                                37.720454
                            ],
                            [
                                -122.374002,
                                37.71891
                            ],
                            [
                                -122.37039,
                                37.718686
                            ],
                            [
                                -122.369481,
                                37.717831
                            ],
                            [
                                -122.367773,
                                37.717673
                            ],
                            [
                                -122.365462,
                                37.715973
                            ],
                            [
                                -122.36475,
                                37.716479
                            ],
                            [
                                -122.364264,
                                37.71629
                            ],
                            [
                                -122.362479,
                                37.718198
                            ],
                            [
                                -122.363657,
                                37.719055
                            ],
                            [
                                -122.362714,
                                37.720071
                            ],
                            [
                                -122.359832,
                                37.718506
                            ],
                            [
                                -122.359186,
                                37.719399
                            ],
                            [
                                -122.36381,
                                37.722102
                            ],
                            [
                                -122.362998,
                                37.722979
                            ],
                            [
                                -122.360235,
                                37.721358
                            ],
                            [
                                -122.359976,
                                37.721629
                            ],
                            [
                                -122.36275,
                                37.723259
                            ],
                            [
                                -122.362367,
                                37.723679
                            ],
                            [
                                -122.365318,
                                37.725544
                            ],
                            [
                                -122.364913,
                                37.725704
                            ],
                            [
                                -122.361524,
                                37.723775
                            ],
                            [
                                -122.357838,
                                37.724624
                            ],
                            [
                                -122.357962,
                                37.724944
                            ],
                            [
                                -122.361256,
                                37.724165
                            ],
                            [
                                -122.361641,
                                37.725219
                            ],
                            [
                                -122.358014,
                                37.726039
                            ],
                            [
                                -122.356967,
                                37.72871
                            ],
                            [
                                -122.360404,
                                37.728188
                            ],
                            [
                                -122.357875,
                                37.72895
                            ],
                            [
                                -122.357731,
                                37.729443
                            ],
                            [
                                -122.362182,
                                37.72848
                            ],
                            [
                                -122.35879,
                                37.729783
                            ],
                            [
                                -122.359915,
                                37.730332
                            ],
                            [
                                -122.360879,
                                37.729906
                            ],
                            [
                                -122.361907,
                                37.73009
                            ],
                            [
                                -122.365205,
                                37.732122
                            ],
                            [
                                -122.365651,
                                37.731626
                            ],
                            [
                                -122.366782,
                                37.732301
                            ],
                            [
                                -122.369205,
                                37.731993
                            ],
                            [
                                -122.371937,
                                37.734205
                            ],
                            [
                                -122.374177,
                                37.732586
                            ],
                            [
                                -122.375574,
                                37.732716
                            ],
                            [
                                -122.374877,
                                37.734976
                            ],
                            [
                                -122.37532,
                                37.735394
                            ],
                            [
                                -122.375874,
                                37.735048
                            ],
                            [
                                -122.375966,
                                37.735816
                            ],
                            [
                                -122.375237,
                                37.736225
                            ],
                            [
                                -122.374883,
                                37.737295
                            ],
                            [
                                -122.376352,
                                37.738372
                            ],
                            [
                                -122.373524,
                                37.737171
                            ],
                            [
                                -122.371217,
                                37.737081
                            ],
                            [
                                -122.367399,
                                37.738264
                            ],
                            [
                                -122.372766,
                                37.738308
                            ],
                            [
                                -122.374004,
                                37.73953
                            ],
                            [
                                -122.367631,
                                37.740134
                            ],
                            [
                                -122.372762,
                                37.745505
                            ],
                            [
                                -122.374141,
                                37.744987
                            ],
                            [
                                -122.375517,
                                37.747044
                            ],
                            [
                                -122.38052,
                                37.747189
                            ]
                        ]
                    ]
                ]
            },
            "properties": {
                "id": 45085,
                "name": "Hunters Point",
                "slug": "hunters-point-ca",
                "city": "San Francisco",
                "county": "San Francisco County",
                "state": "CA",
                "feature_type": "neighborhood",
                "hidden": false,
                "center_latitude": 37.733466132106344,
                "center_longitude": -122.37283100020048
            },
            "bbox": [
                -122.388695,
                37.715973,
                -122.356967,
                37.750963
            ]
        },
        {
            "type": "Feature",
            "geometry": {
                "type": "MultiPolygon",
                "coordinates": [
                    [
                        [
                            [
                                -122.394604,
                                37.766383
                            ],
                            [
                                -122.401657,
                                37.771817
                            ],
                            [
                                -122.404391,
                                37.76975
                            ],
                            [
                                -122.405844,
                                37.769665
                            ],
                            [
                                -122.406065,
                                37.769222
                            ],
                            [
                                -122.406638,
                                37.768964
                            ],
                            [
                                -122.407874,
                                37.768991
                            ],
                            [
                                -122.406345,
                                37.759674
                            ],
                            [
                                -122.405725,
                                37.758736
                            ],
                            [
                                -122.403774,
                                37.757138
                            ],
                            [
                                -122.403306,
                                37.756166
                            ],
                            [
                                -122.40286,
                                37.75269
                            ],
                            [
                                -122.403784,
                                37.749433
                            ],
                            [
                                -122.391769,
                                37.750053
                            ],
                            [
                                -122.391363,
                                37.751344
                            ],
                            [
                                -122.391284,
                                37.752627
                            ],
                            [
                                -122.392253,
                                37.756314
                            ],
                            [
                                -122.392624,
                                37.761581
                            ],
                            [
                                -122.392974,
                                37.764099
                            ],
                            [
                                -122.393176,
                                37.76461
                            ],
                            [
                                -122.393878,
                                37.765717
                            ],
                            [
                                -122.394604,
                                37.766383
                            ]
                        ]
                    ]
                ]
            },
            "properties": {
                "id": 45527,
                "name": "Potrero Hill",
                "slug": "potrero-hill-san-francisco-ca",
                "city": "San Francisco",
                "county": "San Francisco County",
                "state": "CA",
                "feature_type": "neighborhood",
                "hidden": false,
                "center_latitude": 37.76060700011311,
                "center_longitude": -122.39957599968258
            },
            "bbox": [
                -122.407874,
                37.749433,
                -122.391284,
                37.771817
            ]
        },
        {
            "type": "Feature",
            "geometry": {
                "type": "MultiPolygon",
                "coordinates": [
                    [
                        [
                            [
                                -122.458878,
                                37.781326
                            ],
                            [
                                -122.459179,
                                37.785682
                            ],
                            [
                                -122.466694,
                                37.784716
                            ],
                            [
                                -122.472516,
                                37.784453
                            ],
                            [
                                -122.471706,
                                37.773141
                            ],
                            [
                                -122.465332,
                                37.773423
                            ],
                            [
                                -122.458371,
                                37.774309
                            ],
                            [
                                -122.458878,
                                37.781326
                            ]
                        ]
                    ]
                ]
            },
            "properties": {
                "id": 44750,
                "name": "Inner Richmond",
                "seo_id": "inner-richmond-san-francisco-ca",
                "geo_slug": "sf",
                "hidden": false,
                "center_lon": -122.46544350016737,
                "center_lat": 37.77941149989087
            },
            "id": 44750,
            "bbox": [
                -122.472516,
                37.773141,
                -122.458371,
                37.785682
            ]
        },
        {
            "type": "Feature",
            "geometry": {
                "type": "MultiPolygon",
                "coordinates": [
                    [
                        [
                            [
                                -122.471706,
                                37.773141
                            ],
                            [
                                -122.472516,
                                37.784453
                            ],
                            [
                                -122.49265,
                                37.783536
                            ],
                            [
                                -122.492375,
                                37.781677
                            ],
                            [
                                -122.491688,
                                37.772227
                            ],
                            [
                                -122.471706,
                                37.773141
                            ]
                        ]
                    ]
                ]
            },
            "properties": {
                "id": 44507,
                "name": "Central Richmond",
                "seo_id": "central-richmond-san-francisco-ca",
                "geo_slug": "sf",
                "hidden": false,
                "center_lon": -122.48210799973438,
                "center_lat": 37.7783400552494
            },
            "id": 44507,
            "bbox": [
                -122.49265,
                37.772227,
                -122.471706,
                37.784453
            ]
        },
        {
            "type": "Feature",
            "geometry": {
                "type": "MultiPolygon",
                "coordinates": [
                    [
                        [
                            [
                                -122.511124,
                                37.771323
                            ],
                            [
                                -122.491688,
                                37.772228
                            ],
                            [
                                -122.492375,
                                37.781677
                            ],
                            [
                                -122.509879,
                                37.780627
                            ],
                            [
                                -122.509433,
                                37.779851
                            ],
                            [
                                -122.509295,
                                37.776291
                            ],
                            [
                                -122.510862,
                                37.776308
                            ],
                            [
                                -122.51089,
                                37.776986
                            ],
                            [
                                -122.512068,
                                37.776949
                            ],
                            [
                                -122.511473,
                                37.775892
                            ],
                            [
                                -122.511124,
                                37.771323
                            ]
                        ]
                    ]
                ]
            },
            "properties": {
                "id": 45732,
                "name": "Outer Richmond",
                "seo_id": "outer-richmond-san-francisco-ca",
                "geo_slug": "sf",
                "hidden": false,
                "center_lon": -122.50186826166092,
                "center_lat": 37.776499999625344
            },
            "id": 45732,
            "bbox": [
                -122.512068,
                37.771323,
                -122.491688,
                37.781677
            ]
        },
        {
            "type": "Feature",
            "geometry": {
                "type": "MultiPolygon",
                "coordinates": [
                    [
                        [
                            [
                                -122.442504,
                                37.739238
                            ],
                            [
                                -122.442718,
                                37.739682
                            ],
                            [
                                -122.443922,
                                37.740088
                            ],
                            [
                                -122.444682,
                                37.740793
                            ],
                            [
                                -122.445987,
                                37.74118
                            ],
                            [
                                -122.446257,
                                37.742072
                            ],
                            [
                                -122.446658,
                                37.742442
                            ],
                            [
                                -122.448821,
                                37.742749
                            ],
                            [
                                -122.449583,
                                37.743065
                            ],
                            [
                                -122.451692,
                                37.745629
                            ],
                            [
                                -122.454735,
                                37.743645
                            ],
                            [
                                -122.455216,
                                37.743222
                            ],
                            [
                                -122.455854,
                                37.742181
                            ],
                            [
                                -122.456361,
                                37.741668
                            ],
                            [
                                -122.457711,
                                37.740958
                            ],
                            [
                                -122.458923,
                                37.740598
                            ],
                            [
                                -122.458858,
                                37.740334
                            ],
                            [
                                -122.459123,
                                37.740138
                            ],
                            [
                                -122.459892,
                                37.740115
                            ],
                            [
                                -122.460151,
                                37.739822
                            ],
                            [
                                -122.460015,
                                37.739282
                            ],
                            [
                                -122.45728,
                                37.738431
                            ],
                            [
                                -122.45584,
                                37.737385
                            ],
                            [
                                -122.454199,
                                37.737074
                            ],
                            [
                                -122.453827,
                                37.736702
                            ],
                            [
                                -122.453828,
                                37.735905
                            ],
                            [
                                -122.453094,
                                37.735102
                            ],
                            [
                                -122.452506,
                                37.733796
                            ],
                            [
                                -122.445261,
                                37.733804
                            ],
                            [
                                -122.445274,
                                37.73455
                            ],
                            [
                                -122.445538,
                                37.735291
                            ],
                            [
                                -122.445304,
                                37.736945
                            ],
                            [
                                -122.444847,
                                37.737499
                            ],
                            [
                                -122.443721,
                                37.737707
                            ],
                            [
                                -122.442627,
                                37.738473
                            ],
                            [
                                -122.442504,
                                37.739238
                            ]
                        ]
                    ]
                ]
            },
            "properties": {
                "id": 44523,
                "name": "Miraloma Park",
                "slug": "miraloma-park-san-francisco-ca",
                "city": "San Francisco",
                "county": "San Francisco County",
                "state": "CA",
                "feature_type": "neighborhood",
                "hidden": false,
                "center_latitude": 37.73968950002046,
                "center_longitude": -122.45132750031385
            },
            "bbox": [
                -122.460151,
                37.733796,
                -122.442504,
                37.745629
            ]
        },
        {
            "type": "Feature",
            "geometry": {
                "type": "MultiPolygon",
                "coordinates": [
                    [
                        [
                            [
                                -122.424607,
                                37.8013
                            ],
                            [
                                -122.444494,
                                37.798852
                            ],
                            [
                                -122.445345,
                                37.799218
                            ],
                            [
                                -122.447695,
                                37.800832
                            ],
                            [
                                -122.446728,
                                37.794706
                            ],
                            [
                                -122.423894,
                                37.797604
                            ],
                            [
                                -122.424607,
                                37.8013
                            ]
                        ]
                    ]
                ]
            },
            "properties": {
                "id": 44782,
                "name": "Cow Hollow",
                "seo_id": "cow-hollow-san-francisco-ca",
                "geo_slug": "sf",
                "hidden": false,
                "center_lon": -122.43579449986623,
                "center_lat": 37.798022499738636
            },
            "id": 44782,
            "bbox": [
                -122.447695,
                37.794706,
                -122.423894,
                37.8013
            ]
        },
        {
            "type": "Feature",
            "geometry": {
                "type": "MultiPolygon",
                "coordinates": [
                    [
                        [
                            [
                                -122.426561,
                                37.807941
                            ],
                            [
                                -122.426718,
                                37.808169
                            ],
                            [
                                -122.427001,
                                37.808109
                            ],
                            [
                                -122.428237,
                                37.808406
                            ],
                            [
                                -122.429263,
                                37.807903
                            ],
                            [
                                -122.429835,
                                37.807825
                            ],
                            [
                                -122.430108,
                                37.809215
                            ],
                            [
                                -122.430622,
                                37.809167
                            ],
                            [
                                -122.430303,
                                37.807457
                            ],
                            [
                                -122.430916,
                                37.80732
                            ],
                            [
                                -122.431341,
                                37.809057
                            ],
                            [
                                -122.431728,
                                37.809024
                            ],
                            [
                                -122.431386,
                                37.807314
                            ],
                            [
                                -122.432079,
                                37.807223
                            ],
                            [
                                -122.432342,
                                37.808516
                            ],
                            [
                                -122.432569,
                                37.808515
                            ],
                            [
                                -122.432165,
                                37.8061
                            ],
                            [
                                -122.432716,
                                37.805722
                            ],
                            [
                                -122.43355,
                                37.805588
                            ],
                            [
                                -122.433851,
                                37.805719
                            ],
                            [
                                -122.434165,
                                37.806972
                            ],
                            [
                                -122.435529,
                                37.806873
                            ],
                            [
                                -122.435767,
                                37.807567
                            ],
                            [
                                -122.440098,
                                37.807022
                            ],
                            [
                                -122.440278,
                                37.808222
                            ],
                            [
                                -122.439928,
                                37.808779
                            ],
                            [
                                -122.440032,
                                37.808833
                            ],
                            [
                                -122.440552,
                                37.808345
                            ],
                            [
                                -122.440951,
                                37.808196
                            ],
                            [
                                -122.443685,
                                37.807722
                            ],
                            [
                                -122.447181,
                                37.807477
                            ],
                            [
                                -122.448127,
                                37.806896
                            ],
                            [
                                -122.448146,
                                37.80635
                            ],
                            [
                                -122.448492,
                                37.806088
                            ],
                            [
                                -122.448241,
                                37.804478
                            ],
                            [
                                -122.448815,
                                37.804229
                            ],
                            [
                                -122.449388,
                                37.803711
                            ],
                            [
                                -122.449565,
                                37.802791
                            ],
                            [
                                -122.449179,
                                37.802074
                            ],
                            [
                                -122.448803,
                                37.801772
                            ],
                            [
                                -122.44836,
                                37.801587
                            ],
                            [
                                -122.44782,
                                37.801633
                            ],
                            [
                                -122.447695,
                                37.800832
                            ],
                            [
                                -122.445345,
                                37.799218
                            ],
                            [
                                -122.444494,
                                37.798852
                            ],
                            [
                                -122.424607,
                                37.8013
                            ],
                            [
                                -122.425488,
                                37.80601
                            ],
                            [
                                -122.42578,
                                37.806715
                            ],
                            [
                                -122.426257,
                                37.807185
                            ],
                            [
                                -122.426561,
                                37.807941
                            ]
                        ]
                    ]
                ]
            },
            "properties": {
                "id": 45550,
                "name": "Marina District",
                "seo_id": "marina-district-san-francisco-ca",
                "geo_slug": "sf",
                "hidden": false,
                "center_lon": -122.43709550005724,
                "center_lat": 37.804033499946144
            },
            "id": 45550,
            "bbox": [
                -122.449565,
                37.798852,
                -122.424607,
                37.809215
            ]
        },
        {
            "type": "Feature",
            "geometry": {
                "type": "MultiPolygon",
                "coordinates": [
                    [
                        [
                            [
                                -122.423481,
                                37.795739
                            ],
                            [
                                -122.423894,
                                37.797604
                            ],
                            [
                                -122.446728,
                                37.794706
                            ],
                            [
                                -122.4463,
                                37.791879
                            ],
                            [
                                -122.447693,
                                37.791771
                            ],
                            [
                                -122.446793,
                                37.787262
                            ],
                            [
                                -122.422404,
                                37.790354
                            ],
                            [
                                -122.423481,
                                37.795739
                            ]
                        ]
                    ]
                ]
            },
            "properties": {
                "id": 45202,
                "name": "Pacific Heights",
                "seo_id": "pacific-heights-san-francisco-ca",
                "geo_slug": "sf",
                "hidden": false,
                "center_lon": -122.43504949968462,
                "center_lat": 37.79243300008295
            },
            "id": 45202,
            "bbox": [
                -122.447693,
                37.787262,
                -122.422404,
                37.797604
            ]
        },
        {
            "type": "Feature",
            "geometry": {
                "type": "MultiPolygon",
                "coordinates": [
                    [
                        [
                            [
                                -122.445803,
                                37.782513
                            ],
                            [
                                -122.439533,
                                37.783307
                            ],
                            [
                                -122.439004,
                                37.783392
                            ],
                            [
                                -122.437777,
                                37.783706
                            ],
                            [
                                -122.434562,
                                37.784152
                            ],
                            [
                                -122.431116,
                                37.784584
                            ],
                            [
                                -122.424691,
                                37.785355
                            ],
                            [
                                -122.425047,
                                37.78713
                            ],
                            [
                                -122.423404,
                                37.787339
                            ],
                            [
                                -122.423975,
                                37.79016
                            ],
                            [
                                -122.446793,
                                37.787262
                            ],
                            [
                                -122.446247,
                                37.784438
                            ],
                            [
                                -122.446033,
                                37.783509
                            ],
                            [
                                -122.445826,
                                37.782512
                            ],
                            [
                                -122.445803,
                                37.782513
                            ]
                        ]
                    ]
                ]
            },
            "properties": {
                "id": 44691,
                "name": "Lower Pacific Heights",
                "seo_id": "lower-pacific-heights-san-francisco-ca",
                "geo_slug": "sf",
                "hidden": false,
                "center_lon": -122.43509850014561,
                "center_lat": 37.78633599995649
            },
            "id": 44691,
            "bbox": [
                -122.446793,
                37.782512,
                -122.423404,
                37.79016
            ]
        },
        {
            "type": "Feature",
            "geometry": {
                "type": "MultiPolygon",
                "coordinates": [
                    [
                        [
                            [
                                -122.459221,
                                37.785677
                            ],
                            [
                                -122.446793,
                                37.787262
                            ],
                            [
                                -122.447693,
                                37.791771
                            ],
                            [
                                -122.449426,
                                37.791637
                            ],
                            [
                                -122.46376,
                                37.788684
                            ],
                            [
                                -122.463618,
                                37.786722
                            ],
                            [
                                -122.45928,
                                37.786914
                            ],
                            [
                                -122.45922,
                                37.786189
                            ],
                            [
                                -122.459221,
                                37.785677
                            ]
                        ]
                    ]
                ]
            },
            "properties": {
                "id": 44884,
                "name": "Presidio Heights",
                "seo_id": "presidio-heights-san-francisco-ca",
                "geo_slug": "sf",
                "hidden": false,
                "center_lon": -122.45527650031019,
                "center_lat": 37.78868983017156
            },
            "id": 44884,
            "bbox": [
                -122.46376,
                37.785677,
                -122.446793,
                37.791771
            ]
        },
        {
            "type": "Feature",
            "geometry": {
                "type": "MultiPolygon",
                "coordinates": [
                    [
                        [
                            [
                                -122.484553,
                                37.787646
                            ],
                            [
                                -122.483887,
                                37.789154
                            ],
                            [
                                -122.486032,
                                37.790764
                            ],
                            [
                                -122.487061,
                                37.789697
                            ],
                            [
                                -122.490048,
                                37.78946
                            ],
                            [
                                -122.491387,
                                37.78836
                            ],
                            [
                                -122.493262,
                                37.787682
                            ],
                            [
                                -122.49265,
                                37.783536
                            ],
                            [
                                -122.487151,
                                37.783785
                            ],
                            [
                                -122.487422,
                                37.787512
                            ],
                            [
                                -122.484553,
                                37.787646
                            ]
                        ]
                    ]
                ]
            },
            "properties": {
                "id": 45386,
                "name": "Sea Cliff",
                "seo_id": "sea-cliff-san-francisco-ca",
                "geo_slug": "sf",
                "hidden": false,
                "center_lon": -122.48857472374448,
                "center_lat": 37.787153536756364
            },
            "id": 45386,
            "bbox": [
                -122.493262,
                37.783536,
                -122.483887,
                37.790764
            ]
        },
        {
            "type": "Feature",
            "geometry": {
                "type": "MultiPolygon",
                "coordinates": [
                    [
                        [
                            [
                                -122.46376,
                                37.788684
                            ],
                            [
                                -122.470912,
                                37.787221
                            ],
                            [
                                -122.480683,
                                37.786992
                            ],
                            [
                                -122.484553,
                                37.787646
                            ],
                            [
                                -122.487422,
                                37.787512
                            ],
                            [
                                -122.487151,
                                37.783785
                            ],
                            [
                                -122.466694,
                                37.784716
                            ],
                            [
                                -122.459221,
                                37.785677
                            ],
                            [
                                -122.45928,
                                37.786914
                            ],
                            [
                                -122.463618,
                                37.786722
                            ],
                            [
                                -122.46376,
                                37.788684
                            ]
                        ]
                    ]
                ]
            },
            "properties": {
                "id": 44936,
                "name": "Lake Street",
                "seo_id": "lake-street-san-francisco-ca",
                "geo_slug": "sf",
                "hidden": false,
                "center_lon": -122.47332124293098,
                "center_lat": 37.78629549988747
            },
            "id": 44936,
            "bbox": [
                -122.487422,
                37.783785,
                -122.459221,
                37.788684
            ]
        },
        {
            "type": "Feature",
            "geometry": {
                "type": "MultiPolygon",
                "coordinates": [
                    [
                        [
                            [
                                -122.409014,
                                37.79949
                            ],
                            [
                                -122.409369,
                                37.801371
                            ],
                            [
                                -122.410311,
                                37.806028
                            ],
                            [
                                -122.417226,
                                37.80517
                            ],
                            [
                                -122.412908,
                                37.802184
                            ],
                            [
                                -122.411911,
                                37.797245
                            ],
                            [
                                -122.411148,
                                37.797329
                            ],
                            [
                                -122.411002,
                                37.797313
                            ],
                            [
                                -122.410253,
                                37.797365
                            ],
                            [
                                -122.409689,
                                37.797493
                            ],
                            [
                                -122.408619,
                                37.797628
                            ],
                            [
                                -122.408808,
                                37.798571
                            ],
                            [
                                -122.409014,
                                37.79949
                            ]
                        ]
                    ]
                ]
            },
            "properties": {
                "id": 45815,
                "name": "North Beach",
                "seo_id": "north-beach-san-francisco-ca",
                "geo_slug": "sf",
                "hidden": false,
                "center_lon": -122.41292250002331,
                "center_lat": 37.8016365000245
            },
            "id": 45815,
            "bbox": [
                -122.417226,
                37.797245,
                -122.408619,
                37.806028
            ]
        },
        {
            "type": "Feature",
            "geometry": {
                "type": "MultiPolygon",
                "coordinates": [
                    [
                        [
                            [
                                -122.419577,
                                37.80678
                            ],
                            [
                                -122.421482,
                                37.808121
                            ],
                            [
                                -122.422808,
                                37.807118
                            ],
                            [
                                -122.424077,
                                37.806611
                            ],
                            [
                                -122.425531,
                                37.80695
                            ],
                            [
                                -122.426101,
                                37.807328
                            ],
                            [
                                -122.426561,
                                37.807941
                            ],
                            [
                                -122.426257,
                                37.807185
                            ],
                            [
                                -122.42578,
                                37.806715
                            ],
                            [
                                -122.425488,
                                37.80601
                            ],
                            [
                                -122.423481,
                                37.795739
                            ],
                            [
                                -122.411911,
                                37.797245
                            ],
                            [
                                -122.412908,
                                37.802184
                            ],
                            [
                                -122.419577,
                                37.80678
                            ]
                        ]
                    ]
                ]
            },
            "properties": {
                "id": 45453,
                "name": "Russian Hill",
                "seo_id": "russian-hill-san-francisco-ca",
                "geo_slug": "sf",
                "hidden": false,
                "center_lon": -122.4192359228995,
                "center_lat": 37.80193019837
            },
            "id": 45453,
            "bbox": [
                -122.426561,
                37.795739,
                -122.411911,
                37.808121
            ]
        },
        {
            "type": "Feature",
            "geometry": {
                "type": "MultiPolygon",
                "coordinates": [
                    [
                        [
                            [
                                -122.408558,
                                37.797327
                            ],
                            [
                                -122.408619,
                                37.797628
                            ],
                            [
                                -122.409689,
                                37.797493
                            ],
                            [
                                -122.410253,
                                37.797365
                            ],
                            [
                                -122.411002,
                                37.797313
                            ],
                            [
                                -122.411148,
                                37.797329
                            ],
                            [
                                -122.412988,
                                37.797116
                            ],
                            [
                                -122.415193,
                                37.796805
                            ],
                            [
                                -122.416839,
                                37.796596
                            ],
                            [
                                -122.418749,
                                37.79639
                            ],
                            [
                                -122.419928,
                                37.796227
                            ],
                            [
                                -122.420123,
                                37.796157
                            ],
                            [
                                -122.420882,
                                37.796025
                            ],
                            [
                                -122.421768,
                                37.795945
                            ],
                            [
                                -122.423481,
                                37.795739
                            ],
                            [
                                -122.423283,
                                37.79481
                            ],
                            [
                                -122.423133,
                                37.793829
                            ],
                            [
                                -122.422304,
                                37.789875
                            ],
                            [
                                -122.407456,
                                37.791787
                            ],
                            [
                                -122.408558,
                                37.797327
                            ]
                        ]
                    ]
                ]
            },
            "properties": {
                "id": 45008,
                "name": "Nob Hill",
                "seo_id": "nob-hill-san-francisco-ca",
                "geo_slug": "sf",
                "hidden": false,
                "center_lon": -122.41546831227426,
                "center_lat": 37.79375060321479
            },
            "id": 45008,
            "bbox": [
                -122.423481,
                37.789875,
                -122.407456,
                37.797628
            ]
        },
        {
            "type": "Feature",
            "geometry": {
                "type": "MultiPolygon",
                "coordinates": [
                    [
                        [
                            [
                                -122.402229,
                                37.79843
                            ],
                            [
                                -122.403165,
                                37.803113
                            ],
                            [
                                -122.404349,
                                37.803174
                            ],
                            [
                                -122.404758,
                                37.803782
                            ],
                            [
                                -122.406599,
                                37.803714
                            ],
                            [
                                -122.407146,
                                37.806428
                            ],
                            [
                                -122.410311,
                                37.806028
                            ],
                            [
                                -122.408619,
                                37.797628
                            ],
                            [
                                -122.402229,
                                37.79843
                            ]
                        ]
                    ]
                ]
            },
            "properties": {
                "id": 45366,
                "name": "Telegraph Hill",
                "seo_id": "telegraph-hill-san-francisco-ca",
                "geo_slug": "sf",
                "hidden": false,
                "center_lon": -122.40626999991053,
                "center_lat": 37.80202800009218
            },
            "id": 45366,
            "bbox": [
                -122.410311,
                37.797628,
                -122.402229,
                37.806428
            ]
        },
        {
            "type": "Feature",
            "geometry": {
                "type": "MultiPolygon",
                "coordinates": [
                    [
                        [
                            [
                                -122.477261,
                                37.765486
                            ],
                            [
                                -122.496085,
                                37.764675
                            ],
                            [
                                -122.495165,
                                37.751543
                            ],
                            [
                                -122.476355,
                                37.752378
                            ],
                            [
                                -122.47687,
                                37.759832
                            ],
                            [
                                -122.476762,
                                37.759837
                            ],
                            [
                                -122.477261,
                                37.765486
                            ]
                        ]
                    ]
                ]
            },
            "properties": {
                "id": 44567,
                "name": "Central Sunset",
                "seo_id": "central-sunset-san-francisco-ca",
                "geo_slug": "sf",
                "hidden": false,
                "center_lon": -122.48622009807903,
                "center_lat": 37.75851450029401
            },
            "id": 44567,
            "bbox": [
                -122.496085,
                37.751543,
                -122.476355,
                37.765486
            ]
        },
        {
            "type": "Feature",
            "geometry": {
                "type": "MultiPolygon",
                "coordinates": [
                    [
                        [
                            [
                                -122.495165,
                                37.751543
                            ],
                            [
                                -122.496085,
                                37.764675
                            ],
                            [
                                -122.510297,
                                37.764073
                            ],
                            [
                                -122.512425,
                                37.763589
                            ],
                            [
                                -122.51004,
                                37.750831
                            ],
                            [
                                -122.495165,
                                37.751543
                            ]
                        ]
                    ]
                ]
            },
            "properties": {
                "id": 45487,
                "name": "Outer Sunset",
                "seo_id": "outer-sunset-san-francisco-ca",
                "geo_slug": "sf",
                "hidden": false,
                "center_lon": -122.50379496471581,
                "center_lat": 37.7577529035737
            },
            "id": 45487,
            "bbox": [
                -122.512425,
                37.750831,
                -122.495165,
                37.764675
            ]
        },
        {
            "type": "Feature",
            "geometry": {
                "type": "MultiPolygon",
                "coordinates": [
                    [
                        [
                            [
                                -122.47539,
                                37.73745
                            ],
                            [
                                -122.476355,
                                37.752378
                            ],
                            [
                                -122.495165,
                                37.751543
                            ],
                            [
                                -122.494126,
                                37.736631
                            ],
                            [
                                -122.493516,
                                37.736713
                            ],
                            [
                                -122.493632,
                                37.738527
                            ],
                            [
                                -122.491549,
                                37.738615
                            ],
                            [
                                -122.491529,
                                37.738253
                            ],
                            [
                                -122.490418,
                                37.738313
                            ],
                            [
                                -122.490442,
                                37.738663
                            ],
                            [
                                -122.487234,
                                37.7388
                            ],
                            [
                                -122.487525,
                                37.738141
                            ],
                            [
                                -122.487525,
                                37.73764
                            ],
                            [
                                -122.488307,
                                37.737593
                            ],
                            [
                                -122.488266,
                                37.737019
                            ],
                            [
                                -122.487498,
                                37.736992
                            ],
                            [
                                -122.487531,
                                37.737346
                            ],
                            [
                                -122.486034,
                                37.737253
                            ],
                            [
                                -122.485072,
                                37.73744
                            ],
                            [
                                -122.483244,
                                37.737463
                            ],
                            [
                                -122.48238,
                                37.737463
                            ],
                            [
                                -122.481727,
                                37.737172
                            ],
                            [
                                -122.47539,
                                37.73745
                            ]
                        ]
                    ]
                ]
            },
            "properties": {
                "id": 44882,
                "name": "Parkside",
                "seo_id": "parkside-san-francisco-ca",
                "geo_slug": "sf",
                "hidden": false,
                "center_lon": -122.48527899982594,
                "center_lat": 37.74450453725464
            },
            "id": 44882,
            "bbox": [
                -122.495165,
                37.736631,
                -122.47539,
                37.752378
            ]
        },
        {
            "type": "Feature",
            "geometry": {
                "type": "MultiPolygon",
                "coordinates": [
                    [
                        [
                            [
                                -122.470793,
                                37.75831
                            ],
                            [
                                -122.471962,
                                37.759046
                            ],
                            [
                                -122.472772,
                                37.759002
                            ],
                            [
                                -122.472971,
                                37.758594
                            ],
                            [
                                -122.472723,
                                37.75831
                            ],
                            [
                                -122.472812,
                                37.757833
                            ],
                            [
                                -122.473683,
                                37.756237
                            ],
                            [
                                -122.473344,
                                37.755549
                            ],
                            [
                                -122.472873,
                                37.748787
                            ],
                            [
                                -122.470595,
                                37.748869
                            ],
                            [
                                -122.470235,
                                37.743289
                            ],
                            [
                                -122.468619,
                                37.74336
                            ],
                            [
                                -122.468858,
                                37.746428
                            ],
                            [
                                -122.466722,
                                37.746477
                            ],
                            [
                                -122.466814,
                                37.747197
                            ],
                            [
                                -122.466024,
                                37.747508
                            ],
                            [
                                -122.466094,
                                37.748027
                            ],
                            [
                                -122.466282,
                                37.748119
                            ],
                            [
                                -122.465837,
                                37.748189
                            ],
                            [
                                -122.465649,
                                37.748707
                            ],
                            [
                                -122.465832,
                                37.750669
                            ],
                            [
                                -122.465403,
                                37.750986
                            ],
                            [
                                -122.4649,
                                37.751008
                            ],
                            [
                                -122.465018,
                                37.752874
                            ],
                            [
                                -122.467643,
                                37.752756
                            ],
                            [
                                -122.467803,
                                37.754626
                            ],
                            [
                                -122.468564,
                                37.755111
                            ],
                            [
                                -122.47001,
                                37.755432
                            ],
                            [
                                -122.470204,
                                37.758257
                            ],
                            [
                                -122.470793,
                                37.75831
                            ]
                        ]
                    ]
                ]
            },
            "properties": {
                "id": 44604,
                "name": "Golden Gate Heights",
                "seo_id": "golden-gate-heights-san-francisco-ca",
                "geo_slug": "sf",
                "hidden": false,
                "center_lon": -122.4692915000027,
                "center_lat": 37.75119762512034
            },
            "id": 44604,
            "bbox": [
                -122.473683,
                37.743289,
                -122.4649,
                37.759046
            ]
        },
        {
            "type": "Feature",
            "geometry": {
                "type": "MultiPolygon",
                "coordinates": [
                    [
                        [
                            [
                                -122.485722,
                                37.729292
                            ],
                            [
                                -122.485405,
                                37.729019
                            ],
                            [
                                -122.483265,
                                37.729677
                            ],
                            [
                                -122.479776,
                                37.730121
                            ],
                            [
                                -122.474908,
                                37.730409
                            ],
                            [
                                -122.474972,
                                37.731072
                            ],
                            [
                                -122.481787,
                                37.73117
                            ],
                            [
                                -122.482016,
                                37.734443
                            ],
                            [
                                -122.496502,
                                37.733845
                            ],
                            [
                                -122.498107,
                                37.732268
                            ],
                            [
                                -122.498193,
                                37.731912
                            ],
                            [
                                -122.498144,
                                37.731374
                            ],
                            [
                                -122.497354,
                                37.729668
                            ],
                            [
                                -122.497017,
                                37.729303
                            ],
                            [
                                -122.496357,
                                37.729034
                            ],
                            [
                                -122.495688,
                                37.729059
                            ],
                            [
                                -122.493529,
                                37.729594
                            ],
                            [
                                -122.4924,
                                37.728905
                            ],
                            [
                                -122.49176,
                                37.728815
                            ],
                            [
                                -122.490974,
                                37.729112
                            ],
                            [
                                -122.489901,
                                37.730165
                            ],
                            [
                                -122.489205,
                                37.730319
                            ],
                            [
                                -122.485722,
                                37.729292
                            ]
                        ]
                    ]
                ]
            },
            "properties": {
                "id": 45787,
                "name": "Lakeshore",
                "seo_id": "lakeshore-san-francisco-ca",
                "geo_slug": "sf",
                "hidden": false,
                "center_lon": -122.48655050000554,
                "center_lat": 37.731629178223145
            },
            "id": 45787,
            "bbox": [
                -122.498193,
                37.728815,
                -122.474908,
                37.734443
            ]
        },
        {
            "type": "Feature",
            "geometry": {
                "type": "MultiPolygon",
                "coordinates": [
                    [
                        [
                            [
                                -122.472873,
                                37.748787
                            ],
                            [
                                -122.473133,
                                37.75252
                            ],
                            [
                                -122.476355,
                                37.752376
                            ],
                            [
                                -122.476221,
                                37.750509
                            ],
                            [
                                -122.476131,
                                37.748643
                            ],
                            [
                                -122.476007,
                                37.746778
                            ],
                            [
                                -122.475854,
                                37.744915
                            ],
                            [
                                -122.475726,
                                37.743049
                            ],
                            [
                                -122.475621,
                                37.741183
                            ],
                            [
                                -122.475485,
                                37.739321
                            ],
                            [
                                -122.47539,
                                37.73745
                            ],
                            [
                                -122.474233,
                                37.737476
                            ],
                            [
                                -122.473278,
                                37.737518
                            ],
                            [
                                -122.473161,
                                37.73755
                            ],
                            [
                                -122.470817,
                                37.737648
                            ],
                            [
                                -122.470512,
                                37.738086
                            ],
                            [
                                -122.470863,
                                37.743262
                            ],
                            [
                                -122.470235,
                                37.743289
                            ],
                            [
                                -122.470486,
                                37.746902
                            ],
                            [
                                -122.470512,
                                37.74702
                            ],
                            [
                                -122.470618,
                                37.748768
                            ],
                            [
                                -122.470595,
                                37.748869
                            ],
                            [
                                -122.47074,
                                37.748843
                            ],
                            [
                                -122.471587,
                                37.748806
                            ],
                            [
                                -122.471749,
                                37.748836
                            ],
                            [
                                -122.472873,
                                37.748787
                            ]
                        ]
                    ]
                ]
            },
            "properties": {
                "id": 45081,
                "name": "Inner Parkside",
                "seo_id": "inner-parkside-san-francisco-ca",
                "geo_slug": "sf",
                "hidden": false,
                "center_lon": -122.47329500026405,
                "center_lat": 37.744984373230295
            },
            "id": 45081,
            "bbox": [
                -122.476355,
                37.73745,
                -122.470235,
                37.75252
            ]
        },
        {
            "type": "Feature",
            "geometry": {
                "type": "MultiPolygon",
                "coordinates": [
                    [
                        [
                            [
                                -122.49396,
                                37.733952
                            ],
                            [
                                -122.495165,
                                37.751543
                            ],
                            [
                                -122.51004,
                                37.750831
                            ],
                            [
                                -122.509713,
                                37.749084
                            ],
                            [
                                -122.508541,
                                37.735402
                            ],
                            [
                                -122.506796,
                                37.735559
                            ],
                            [
                                -122.5068,
                                37.735378
                            ],
                            [
                                -122.505251,
                                37.735379
                            ],
                            [
                                -122.505262,
                                37.735565
                            ],
                            [
                                -122.502031,
                                37.735515
                            ],
                            [
                                -122.500902,
                                37.735253
                            ],
                            [
                                -122.498606,
                                37.734186
                            ],
                            [
                                -122.496507,
                                37.733845
                            ],
                            [
                                -122.49396,
                                37.733952
                            ]
                        ]
                    ]
                ]
            },
            "properties": {
                "id": 45341,
                "name": "Outer Parkside",
                "seo_id": "outer-parkside-san-francisco-ca",
                "geo_slug": "sf",
                "hidden": false,
                "center_lon": -122.50191180053912,
                "center_lat": 37.742699500331724
            },
            "id": 45341,
            "bbox": [
                -122.51004,
                37.733845,
                -122.49396,
                37.751543
            ]
        },
        {
            "type": "Feature",
            "geometry": {
                "type": "MultiPolygon",
                "coordinates": [
                    [
                        [
                            [
                                -122.438709,
                                37.771056
                            ],
                            [
                                -122.43709,
                                37.771261
                            ],
                            [
                                -122.437564,
                                37.773604
                            ],
                            [
                                -122.453995,
                                37.771517
                            ],
                            [
                                -122.453352,
                                37.768246
                            ],
                            [
                                -122.453206,
                                37.768249
                            ],
                            [
                                -122.449454,
                                37.768729
                            ],
                            [
                                -122.449074,
                                37.766872
                            ],
                            [
                                -122.444732,
                                37.767426
                            ],
                            [
                                -122.445345,
                                37.77021
                            ],
                            [
                                -122.438709,
                                37.771056
                            ]
                        ]
                    ]
                ]
            },
            "properties": {
                "id": 45532,
                "name": "Haight Ashbury",
                "seo_id": "haight-ashbury-san-francisco-ca",
                "geo_slug": "sf",
                "hidden": false,
                "center_lon": -122.44554265576892,
                "center_lat": 37.7702380247151
            },
            "id": 45532,
            "bbox": [
                -122.453995,
                37.766872,
                -122.43709,
                37.773604
            ]
        },
        {
            "type": "Feature",
            "geometry": {
                "type": "MultiPolygon",
                "coordinates": [
                    [
                        [
                            [
                                -122.436864,
                                37.770307
                            ],
                            [
                                -122.437087,
                                37.771261
                            ],
                            [
                                -122.445348,
                                37.770211
                            ],
                            [
                                -122.444728,
                                37.767425
                            ],
                            [
                                -122.446384,
                                37.767216
                            ],
                            [
                                -122.445873,
                                37.764622
                            ],
                            [
                                -122.447,
                                37.762882
                            ],
                            [
                                -122.446665,
                                37.761761
                            ],
                            [
                                -122.443331,
                                37.762065
                            ],
                            [
                                -122.443289,
                                37.762325
                            ],
                            [
                                -122.443006,
                                37.76257
                            ],
                            [
                                -122.441512,
                                37.763055
                            ],
                            [
                                -122.441572,
                                37.763234
                            ],
                            [
                                -122.441994,
                                37.763271
                            ],
                            [
                                -122.442332,
                                37.765077
                            ],
                            [
                                -122.441257,
                                37.765304
                            ],
                            [
                                -122.439537,
                                37.766578
                            ],
                            [
                                -122.4382,
                                37.766766
                            ],
                            [
                                -122.438223,
                                37.767189
                            ],
                            [
                                -122.435631,
                                37.767329
                            ],
                            [
                                -122.435906,
                                37.769205
                            ],
                            [
                                -122.436342,
                                37.769905
                            ],
                            [
                                -122.436864,
                                37.770307
                            ]
                        ]
                    ]
                ]
            },
            "properties": {
                "id": 179911,
                "name": "Buena Vista",
                "seo_id": "buena-vista-san-francisco-ca",
                "geo_slug": "sf",
                "hidden": false,
                "center_lon": -122.44134399992564,
                "center_lat": 37.767455949932184
            },
            "id": 179911,
            "bbox": [
                -122.447,
                37.761761,
                -122.435631,
                37.771261
            ]
        },
        {
            "type": "Feature",
            "geometry": {
                "type": "MultiPolygon",
                "coordinates": [
                    [
                        [
                            [
                                -122.446458,
                                37.775804
                            ],
                            [
                                -122.454685,
                                37.774755
                            ],
                            [
                                -122.453995,
                                37.771516
                            ],
                            [
                                -122.437561,
                                37.773601
                            ],
                            [
                                -122.438206,
                                37.776872
                            ],
                            [
                                -122.446458,
                                37.775804
                            ]
                        ]
                    ]
                ]
            },
            "properties": {
                "id": 179691,
                "name": "Panhandle",
                "seo_id": "panhandle-san-francisco-ca",
                "geo_slug": "sf",
                "hidden": false,
                "center_lon": -122.44587799991973,
                "center_lat": 37.77407275010739
            },
            "id": 179691,
            "bbox": [
                -122.454685,
                37.771516,
                -122.437561,
                37.776872
            ]
        },
        {
            "type": "Feature",
            "geometry": {
                "type": "MultiPolygon",
                "coordinates": [
                    [
                        [
                            [
                                -122.438206,
                                37.776872
                            ],
                            [
                                -122.438792,
                                37.779653
                            ],
                            [
                                -122.44704,
                                37.778622
                            ],
                            [
                                -122.446471,
                                37.775802
                            ],
                            [
                                -122.438206,
                                37.776872
                            ]
                        ]
                    ]
                ]
            },
            "properties": {
                "id": 45145,
                "name": "North Panhandle",
                "seo_id": "north-panhandle-san-francisco-ca",
                "geo_slug": "sf",
                "hidden": false,
                "center_lon": -122.44612335161136,
                "center_lat": 37.7755851705692
            },
            "id": 45145,
            "bbox": [
                -122.44704,
                37.775802,
                -122.438206,
                37.779653
            ]
        },
        {
            "type": "Feature",
            "geometry": {
                "type": "MultiPolygon",
                "coordinates": [
                    [
                        [
                            [
                                -122.456284,
                                37.774555
                            ],
                            [
                                -122.446471,
                                37.775802
                            ],
                            [
                                -122.447679,
                                37.78151
                            ],
                            [
                                -122.447302,
                                37.782392
                            ],
                            [
                                -122.447366,
                                37.782555
                            ],
                            [
                                -122.45529,
                                37.781529
                            ],
                            [
                                -122.458878,
                                37.781326
                            ],
                            [
                                -122.458371,
                                37.774309
                            ],
                            [
                                -122.456284,
                                37.774555
                            ]
                        ]
                    ]
                ]
            },
            "properties": {
                "id": 45200,
                "name": "Lone Mountain",
                "seo_id": "lone-mountain-san-francisco-ca",
                "geo_slug": "sf",
                "hidden": false,
                "center_lon": -122.45267449992818,
                "center_lat": 37.778431999687086
            },
            "id": 45200,
            "bbox": [
                -122.458878,
                37.774309,
                -122.446471,
                37.782555
            ]
        },
        {
            "type": "Feature",
            "geometry": {
                "type": "MultiPolygon",
                "coordinates": [
                    [
                        [
                            [
                                -122.442793,
                                37.782885
                            ],
                            [
                                -122.445711,
                                37.782518
                            ],
                            [
                                -122.446775,
                                37.782461
                            ],
                            [
                                -122.447302,
                                37.782392
                            ],
                            [
                                -122.447451,
                                37.782195
                            ],
                            [
                                -122.447637,
                                37.781719
                            ],
                            [
                                -122.447679,
                                37.78151
                            ],
                            [
                                -122.447098,
                                37.778715
                            ],
                            [
                                -122.44704,
                                37.778622
                            ],
                            [
                                -122.438792,
                                37.779653
                            ],
                            [
                                -122.439533,
                                37.783307
                            ],
                            [
                                -122.442793,
                                37.782885
                            ]
                        ]
                    ]
                ]
            },
            "properties": {
                "id": 45797,
                "name": "Anza Vista",
                "seo_id": "anza-vista-san-francisco-ca",
                "geo_slug": "sf",
                "hidden": false,
                "center_lon": -122.44323549991836,
                "center_lat": 37.780964309805086
            },
            "id": 45797,
            "bbox": [
                -122.447679,
                37.778622,
                -122.438792,
                37.783307
            ]
        },
        {
            "type": "Feature",
            "geometry": {
                "type": "MultiPolygon",
                "coordinates": [
                    [
                        [
                            [
                                -122.439533,
                                37.783307
                            ],
                            [
                                -122.438603,
                                37.778679
                            ],
                            [
                                -122.433596,
                                37.779355
                            ],
                            [
                                -122.433219,
                                37.77749
                            ],
                            [
                                -122.429929,
                                37.777909
                            ],
                            [
                                -122.430115,
                                37.778842
                            ],
                            [
                                -122.423541,
                                37.779674
                            ],
                            [
                                -122.424691,
                                37.785355
                            ],
                            [
                                -122.431116,
                                37.784584
                            ],
                            [
                                -122.434562,
                                37.784152
                            ],
                            [
                                -122.437777,
                                37.783706
                            ],
                            [
                                -122.439004,
                                37.783392
                            ],
                            [
                                -122.439533,
                                37.783307
                            ]
                        ]
                    ]
                ]
            },
            "properties": {
                "id": 45443,
                "name": "Western Addition",
                "seo_id": "western-addition-san-francisco-ca",
                "geo_slug": "sf",
                "hidden": false,
                "center_lon": -122.43153709491096,
                "center_lat": 37.78142236375112
            },
            "id": 45443,
            "bbox": [
                -122.439533,
                37.77749,
                -122.423541,
                37.785355
            ]
        },
        {
            "type": "Feature",
            "geometry": {
                "type": "MultiPolygon",
                "coordinates": [
                    [
                        [
                            [
                                -122.394981,
                                37.777089
                            ],
                            [
                                -122.398865,
                                37.780191
                            ],
                            [
                                -122.401109,
                                37.778446
                            ],
                            [
                                -122.408104,
                                37.78402
                            ],
                            [
                                -122.40898,
                                37.783311
                            ],
                            [
                                -122.411578,
                                37.78127
                            ],
                            [
                                -122.420703,
                                37.774085
                            ],
                            [
                                -122.423274,
                                37.771966
                            ],
                            [
                                -122.422964,
                                37.771243
                            ],
                            [
                                -122.422437,
                                37.770711
                            ],
                            [
                                -122.42226,
                                37.77056
                            ],
                            [
                                -122.421225,
                                37.770198
                            ],
                            [
                                -122.417904,
                                37.76977
                            ],
                            [
                                -122.410835,
                                37.769417
                            ],
                            [
                                -122.40897,
                                37.769098
                            ],
                            [
                                -122.406638,
                                37.768964
                            ],
                            [
                                -122.406065,
                                37.769222
                            ],
                            [
                                -122.405844,
                                37.769665
                            ],
                            [
                                -122.404391,
                                37.76975
                            ],
                            [
                                -122.401664,
                                37.771811
                            ],
                            [
                                -122.394981,
                                37.777089
                            ]
                        ]
                    ]
                ]
            },
            "properties": {
                "id": 45319,
                "name": "South of Market",
                "seo_id": "south-of-market-san-francisco-ca",
                "geo_slug": "sf",
                "hidden": false,
                "center_lon": -122.40912399977273,
                "center_lat": 37.77647699991368
            },
            "id": 45319,
            "bbox": [
                -122.423274,
                37.768964,
                -122.394981,
                37.78402
            ]
        },
        {
            "type": "Feature",
            "geometry": {
                "type": "MultiPolygon",
                "coordinates": [
                    [
                        [
                            [
                                -122.460377,
                                37.724807
                            ],
                            [
                                -122.462264,
                                37.725211
                            ],
                            [
                                -122.462241,
                                37.717941
                            ],
                            [
                                -122.454235,
                                37.718035
                            ],
                            [
                                -122.454546,
                                37.717667
                            ],
                            [
                                -122.454514,
                                37.717489
                            ],
                            [
                                -122.453515,
                                37.715798
                            ],
                            [
                                -122.452334,
                                37.717212
                            ],
                            [
                                -122.449627,
                                37.715739
                            ],
                            [
                                -122.449211,
                                37.716306
                            ],
                            [
                                -122.448686,
                                37.717596
                            ],
                            [
                                -122.447878,
                                37.723005
                            ],
                            [
                                -122.451596,
                                37.723033
                            ],
                            [
                                -122.453105,
                                37.723206
                            ],
                            [
                                -122.460377,
                                37.724807
                            ]
                        ]
                    ]
                ]
            },
            "properties": {
                "id": 45219,
                "name": "Ingleside",
                "slug": "ingleside-san-francisco-ca",
                "city": "San Francisco",
                "county": "San Francisco County",
                "state": "CA",
                "feature_type": "neighborhood",
                "hidden": false,
                "center_latitude": 37.72051600031321,
                "center_longitude": -122.45507850017262
            },
            "bbox": [
                -122.462264,
                37.715739,
                -122.447878,
                37.725211
            ]
        },
        {
            "type": "Feature",
            "geometry": {
                "type": "MultiPolygon",
                "coordinates": [
                    [
                        [
                            [
                                -122.39171,
                                37.778001
                            ],
                            [
                                -122.390566,
                                37.7771
                            ],
                            [
                                -122.387624,
                                37.77821
                            ],
                            [
                                -122.387692,
                                37.778337
                            ],
                            [
                                -122.387334,
                                37.778326
                            ],
                            [
                                -122.387629,
                                37.781451
                            ],
                            [
                                -122.38553,
                                37.781576
                            ],
                            [
                                -122.385508,
                                37.781742
                            ],
                            [
                                -122.384858,
                                37.781799
                            ],
                            [
                                -122.385512,
                                37.781779
                            ],
                            [
                                -122.385552,
                                37.781935
                            ],
                            [
                                -122.387755,
                                37.781796
                            ],
                            [
                                -122.387788,
                                37.782275
                            ],
                            [
                                -122.384681,
                                37.782544
                            ],
                            [
                                -122.384748,
                                37.782939
                            ],
                            [
                                -122.387777,
                                37.782868
                            ],
                            [
                                -122.387696,
                                37.783279
                            ],
                            [
                                -122.386237,
                                37.783406
                            ],
                            [
                                -122.386288,
                                37.783959
                            ],
                            [
                                -122.38771,
                                37.783876
                            ],
                            [
                                -122.387674,
                                37.784396
                            ],
                            [
                                -122.385415,
                                37.784607
                            ],
                            [
                                -122.385459,
                                37.784994
                            ],
                            [
                                -122.387631,
                                37.784865
                            ],
                            [
                                -122.387581,
                                37.785438
                            ],
                            [
                                -122.384342,
                                37.785735
                            ],
                            [
                                -122.384515,
                                37.787387
                            ],
                            [
                                -122.387407,
                                37.787241
                            ],
                            [
                                -122.387381,
                                37.78772
                            ],
                            [
                                -122.385126,
                                37.788142
                            ],
                            [
                                -122.385259,
                                37.78852
                            ],
                            [
                                -122.387049,
                                37.788229
                            ],
                            [
                                -122.387188,
                                37.788774
                            ],
                            [
                                -122.385148,
                                37.78922
                            ],
                            [
                                -122.385313,
                                37.789784
                            ],
                            [
                                -122.387348,
                                37.789311
                            ],
                            [
                                -122.387607,
                                37.789787
                            ],
                            [
                                -122.385515,
                                37.790531
                            ],
                            [
                                -122.385699,
                                37.790955
                            ],
                            [
                                -122.388219,
                                37.789996
                            ],
                            [
                                -122.388369,
                                37.790308
                            ],
                            [
                                -122.388049,
                                37.790508
                            ],
                            [
                                -122.388612,
                                37.790313
                            ],
                            [
                                -122.38893,
                                37.79088
                            ],
                            [
                                -122.388808,
                                37.790978
                            ],
                            [
                                -122.391724,
                                37.793429
                            ],
                            [
                                -122.391589,
                                37.793528
                            ],
                            [
                                -122.391982,
                                37.793872
                            ],
                            [
                                -122.391672,
                                37.794048
                            ],
                            [
                                -122.391946,
                                37.794335
                            ],
                            [
                                -122.391649,
                                37.794547
                            ],
                            [
                                -122.391941,
                                37.794854
                            ],
                            [
                                -122.392267,
                                37.794668
                            ],
                            [
                                -122.392411,
                                37.79482
                            ],
                            [
                                -122.391196,
                                37.795779
                            ],
                            [
                                -122.39159,
                                37.796205
                            ],
                            [
                                -122.392998,
                                37.795561
                            ],
                            [
                                -122.393079,
                                37.795728
                            ],
                            [
                                -122.396546,
                                37.793127
                            ],
                            [
                                -122.393408,
                                37.790613
                            ],
                            [
                                -122.393661,
                                37.790413
                            ],
                            [
                                -122.393215,
                                37.789837
                            ],
                            [
                                -122.393461,
                                37.789275
                            ],
                            [
                                -122.395881,
                                37.787229
                            ],
                            [
                                -122.396017,
                                37.786924
                            ],
                            [
                                -122.396015,
                                37.786683
                            ],
                            [
                                -122.395665,
                                37.786198
                            ],
                            [
                                -122.393363,
                                37.784571
                            ],
                            [
                                -122.398865,
                                37.780191
                            ],
                            [
                                -122.394982,
                                37.777089
                            ],
                            [
                                -122.393895,
                                37.777947
                            ],
                            [
                                -122.392745,
                                37.77887
                            ],
                            [
                                -122.39171,
                                37.778001
                            ]
                        ]
                    ]
                ]
            },
            "properties": {
                "id": 45557,
                "name": "South Beach",
                "seo_id": "south-beach-san-francisco-ca",
                "geo_slug": "sf",
                "hidden": false,
                "center_lon": -122.39160340317446,
                "center_lat": 37.78664698612732
            },
            "id": 45557,
            "bbox": [
                -122.398865,
                37.777089,
                -122.384342,
                37.796205
            ]
        },
        {
            "type": "Feature",
            "geometry": {
                "type": "MultiPolygon",
                "coordinates": [
                    [
                        [
                            [
                                -122.390836,
                                37.777316
                            ],
                            [
                                -122.392745,
                                37.77887
                            ],
                            [
                                -122.401657,
                                37.771817
                            ],
                            [
                                -122.394604,
                                37.766383
                            ],
                            [
                                -122.393874,
                                37.765712
                            ],
                            [
                                -122.393173,
                                37.764603
                            ],
                            [
                                -122.392971,
                                37.764082
                            ],
                            [
                                -122.387838,
                                37.764405
                            ],
                            [
                                -122.387406,
                                37.764229
                            ],
                            [
                                -122.3866,
                                37.764259
                            ],
                            [
                                -122.386451,
                                37.7644
                            ],
                            [
                                -122.38652,
                                37.765412
                            ],
                            [
                                -122.385915,
                                37.766285
                            ],
                            [
                                -122.385861,
                                37.766599
                            ],
                            [
                                -122.382801,
                                37.766784
                            ],
                            [
                                -122.382855,
                                37.767139
                            ],
                            [
                                -122.384847,
                                37.767013
                            ],
                            [
                                -122.384901,
                                37.767536
                            ],
                            [
                                -122.38244,
                                37.767692
                            ],
                            [
                                -122.382457,
                                37.767833
                            ],
                            [
                                -122.383843,
                                37.767745
                            ],
                            [
                                -122.383882,
                                37.768122
                            ],
                            [
                                -122.385145,
                                37.768143
                            ],
                            [
                                -122.385006,
                                37.768586
                            ],
                            [
                                -122.384788,
                                37.768657
                            ],
                            [
                                -122.384894,
                                37.768882
                            ],
                            [
                                -122.385019,
                                37.768857
                            ],
                            [
                                -122.385569,
                                37.77018
                            ],
                            [
                                -122.383376,
                                37.769333
                            ],
                            [
                                -122.383155,
                                37.769709
                            ],
                            [
                                -122.38584,
                                37.770683
                            ],
                            [
                                -122.385894,
                                37.770992
                            ],
                            [
                                -122.386384,
                                37.771459
                            ],
                            [
                                -122.386679,
                                37.772362
                            ],
                            [
                                -122.386717,
                                37.772771
                            ],
                            [
                                -122.386573,
                                37.772839
                            ],
                            [
                                -122.38676,
                                37.773273
                            ],
                            [
                                -122.384706,
                                37.773354
                            ],
                            [
                                -122.381456,
                                37.771917
                            ],
                            [
                                -122.381814,
                                37.774615
                            ],
                            [
                                -122.386923,
                                37.774328
                            ],
                            [
                                -122.386996,
                                37.775082
                            ],
                            [
                                -122.384877,
                                37.77533
                            ],
                            [
                                -122.384997,
                                37.776326
                            ],
                            [
                                -122.387082,
                                37.776104
                            ],
                            [
                                -122.387103,
                                37.776326
                            ],
                            [
                                -122.387311,
                                37.776319
                            ],
                            [
                                -122.387373,
                                37.776661
                            ],
                            [
                                -122.387628,
                                37.776748
                            ],
                            [
                                -122.389857,
                                37.7765
                            ],
                            [
                                -122.390411,
                                37.777142
                            ],
                            [
                                -122.390836,
                                37.777316
                            ]
                        ]
                    ]
                ]
            },
            "properties": {
                "id": 45587,
                "name": "Mission Bay",
                "seo_id": "mission-bay-san-francisco-ca",
                "geo_slug": "sf",
                "hidden": false,
                "center_lon": -122.39155649993245,
                "center_lat": 37.771475750159226
            },
            "id": 45587,
            "bbox": [
                -122.401657,
                37.764082,
                -122.381456,
                37.77887
            ]
        },
        {
            "type": "Feature",
            "geometry": {
                "type": "MultiPolygon",
                "coordinates": [
                    [
                        [
                            [
                                -122.398865,
                                37.780191
                            ],
                            [
                                -122.393363,
                                37.784571
                            ],
                            [
                                -122.395665,
                                37.786198
                            ],
                            [
                                -122.396015,
                                37.786683
                            ],
                            [
                                -122.396017,
                                37.786924
                            ],
                            [
                                -122.395881,
                                37.787229
                            ],
                            [
                                -122.393461,
                                37.789275
                            ],
                            [
                                -122.393215,
                                37.789837
                            ],
                            [
                                -122.393661,
                                37.790413
                            ],
                            [
                                -122.393408,
                                37.790613
                            ],
                            [
                                -122.396546,
                                37.793127
                            ],
                            [
                                -122.402066,
                                37.788721
                            ],
                            [
                                -122.406062,
                                37.785757
                            ],
                            [
                                -122.408104,
                                37.78402
                            ],
                            [
                                -122.401109,
                                37.778446
                            ],
                            [
                                -122.398865,
                                37.780191
                            ]
                        ]
                    ]
                ]
            },
            "properties": {
                "id": 45497,
                "name": "Yerba Buena",
                "seo_id": "yerba-buena-san-francisco-ca",
                "geo_slug": "sf",
                "hidden": false,
                "center_lon": -122.40065950018575,
                "center_lat": 37.785786679661584
            },
            "id": 45497,
            "bbox": [
                -122.408104,
                37.778446,
                -122.393215,
                37.793127
            ]
        },
        {
            "type": "Feature",
            "geometry": {
                "type": "MultiPolygon",
                "coordinates": [
                    [
                        [
                            [
                                -122.445261,
                                37.733804
                            ],
                            [
                                -122.452506,
                                37.733796
                            ],
                            [
                                -122.45341,
                                37.733275
                            ],
                            [
                                -122.453394,
                                37.729837
                            ],
                            [
                                -122.452447,
                                37.729834
                            ],
                            [
                                -122.452335,
                                37.72318
                            ],
                            [
                                -122.451596,
                                37.723033
                            ],
                            [
                                -122.447878,
                                37.723005
                            ],
                            [
                                -122.447534,
                                37.724005
                            ],
                            [
                                -122.446864,
                                37.725213
                            ],
                            [
                                -122.445724,
                                37.726613
                            ],
                            [
                                -122.444423,
                                37.727799
                            ],
                            [
                                -122.44197,
                                37.729136
                            ],
                            [
                                -122.436551,
                                37.731294
                            ],
                            [
                                -122.436763,
                                37.731631
                            ],
                            [
                                -122.437459,
                                37.731672
                            ],
                            [
                                -122.437465,
                                37.732912
                            ],
                            [
                                -122.437884,
                                37.733092
                            ],
                            [
                                -122.442002,
                                37.733098
                            ],
                            [
                                -122.442004,
                                37.733492
                            ],
                            [
                                -122.445253,
                                37.733477
                            ],
                            [
                                -122.445261,
                                37.733804
                            ]
                        ]
                    ]
                ]
            },
            "properties": {
                "id": 45051,
                "name": "Sunnyside",
                "slug": "sunnyside-san-francisco-ca",
                "city": "San Francisco",
                "county": "San Francisco County",
                "state": "CA",
                "feature_type": "neighborhood",
                "hidden": false,
                "center_latitude": 37.728440499729345,
                "center_longitude": -122.44498806005089
            },
            "bbox": [
                -122.45341,
                37.723005,
                -122.436551,
                37.733804
            ]
        },
        {
            "type": "Feature",
            "geometry": {
                "type": "MultiPolygon",
                "coordinates": [
                    [
                        [
                            [
                                -122.472672,
                                37.717248
                            ],
                            [
                                -122.474897,
                                37.719448
                            ],
                            [
                                -122.47537,
                                37.720275
                            ],
                            [
                                -122.474857,
                                37.72901
                            ],
                            [
                                -122.474908,
                                37.730409
                            ],
                            [
                                -122.479776,
                                37.730121
                            ],
                            [
                                -122.483265,
                                37.729677
                            ],
                            [
                                -122.485405,
                                37.729019
                            ],
                            [
                                -122.484053,
                                37.727412
                            ],
                            [
                                -122.483953,
                                37.727025
                            ],
                            [
                                -122.485127,
                                37.723948
                            ],
                            [
                                -122.485275,
                                37.714823
                            ],
                            [
                                -122.476624,
                                37.714567
                            ],
                            [
                                -122.475907,
                                37.714398
                            ],
                            [
                                -122.472584,
                                37.712932
                            ],
                            [
                                -122.471355,
                                37.712802
                            ],
                            [
                                -122.472672,
                                37.717248
                            ]
                        ]
                    ]
                ]
            },
            "properties": {
                "id": 45701,
                "name": "Stonestown",
                "slug": "stonestown-san-francisco-ca",
                "city": "San Francisco",
                "county": "San Francisco County",
                "state": "CA",
                "feature_type": "neighborhood",
                "hidden": false,
                "center_latitude": 37.7216029996288,
                "center_longitude": -122.47838000003694
            },
            "bbox": [
                -122.485405,
                37.712802,
                -122.471355,
                37.730409
            ]
        },
        {
            "type": "Feature",
            "geometry": {
                "type": "MultiPolygon",
                "coordinates": [
                    [
                        [
                            [
                                -122.418583,
                                37.780258
                            ],
                            [
                                -122.419579,
                                37.784945
                            ],
                            [
                                -122.421185,
                                37.784748
                            ],
                            [
                                -122.422404,
                                37.790356
                            ],
                            [
                                -122.423976,
                                37.790154
                            ],
                            [
                                -122.423381,
                                37.787338
                            ],
                            [
                                -122.425024,
                                37.787129
                            ],
                            [
                                -122.423541,
                                37.77968
                            ],
                            [
                                -122.421891,
                                37.779889
                            ],
                            [
                                -122.420703,
                                37.774092
                            ],
                            [
                                -122.411571,
                                37.781276
                            ],
                            [
                                -122.418583,
                                37.780258
                            ]
                        ]
                    ]
                ]
            },
            "properties": {
                "id": 556090,
                "name": "Civic Center",
                "seo_id": "civic-center-san-francisco-ca",
                "geo_slug": "sf",
                "hidden": false,
                "center_lon": -122.41814993819042,
                "center_lat": 37.77769238491621
            },
            "id": 556090,
            "bbox": [
                -122.425024,
                37.774092,
                -122.411571,
                37.790356
            ]
        },
        {
            "type": "Feature",
            "geometry": {
                "type": "MultiPolygon",
                "coordinates": [
                    [
                        [
                            [
                                -122.408983,
                                37.783309
                            ],
                            [
                                -122.408104,
                                37.78402
                            ],
                            [
                                -122.407451,
                                37.784604
                            ],
                            [
                                -122.406291,
                                37.785508
                            ],
                            [
                                -122.406062,
                                37.785757
                            ],
                            [
                                -122.403401,
                                37.78781
                            ],
                            [
                                -122.403659,
                                37.788882
                            ],
                            [
                                -122.403842,
                                37.789829
                            ],
                            [
                                -122.403886,
                                37.789824
                            ],
                            [
                                -122.403891,
                                37.789846
                            ],
                            [
                                -122.405246,
                                37.789652
                            ],
                            [
                                -122.406918,
                                37.789439
                            ],
                            [
                                -122.407408,
                                37.791803
                            ],
                            [
                                -122.41073,
                                37.791384
                            ],
                            [
                                -122.409132,
                                37.783419
                            ],
                            [
                                -122.408983,
                                37.783309
                            ]
                        ]
                    ]
                ]
            },
            "properties": {
                "id": 178339,
                "name": "Union Square",
                "seo_id": "union-square-san-francisco-ca",
                "geo_slug": "sf",
                "hidden": false,
                "center_lon": -122.40692887291908,
                "center_lat": 37.78684591691783
            },
            "id": 178339,
            "bbox": [
                -122.41073,
                37.783309,
                -122.403401,
                37.791803
            ]
        },
        {
            "type": "Feature",
            "geometry": {
                "type": "MultiPolygon",
                "coordinates": [
                    [
                        [
                            [
                                -122.421185,
                                37.784748
                            ],
                            [
                                -122.409698,
                                37.786203
                            ],
                            [
                                -122.410735,
                                37.791365
                            ],
                            [
                                -122.422301,
                                37.789875
                            ],
                            [
                                -122.421185,
                                37.784748
                            ]
                        ]
                    ]
                ]
            },
            "properties": {
                "id": 178552,
                "name": "Lower Nob Hill",
                "seo_id": "lower-nob-hill-san-francisco-ca",
                "geo_slug": "sf",
                "hidden": false,
                "center_lon": -122.41606942171975,
                "center_lat": 37.78852898156504
            },
            "id": 178552,
            "bbox": [
                -122.422301,
                37.784748,
                -122.409698,
                37.791365
            ]
        },
        {
            "type": "Feature",
            "geometry": {
                "type": "MultiPolygon",
                "coordinates": [
                    [
                        [
                            [
                                -122.408983,
                                37.783309
                            ],
                            [
                                -122.409133,
                                37.78342
                            ],
                            [
                                -122.409699,
                                37.786204
                            ],
                            [
                                -122.411326,
                                37.785996
                            ],
                            [
                                -122.419579,
                                37.784958
                            ],
                            [
                                -122.418808,
                                37.781236
                            ],
                            [
                                -122.418599,
                                37.78026
                            ],
                            [
                                -122.416948,
                                37.78047
                            ],
                            [
                                -122.411576,
                                37.781275
                            ],
                            [
                                -122.408983,
                                37.783309
                            ]
                        ]
                    ]
                ]
            },
            "properties": {
                "id": 45198,
                "name": "Tenderloin",
                "seo_id": "tenderloin-san-francisco-ca",
                "geo_slug": "sf",
                "hidden": false,
                "center_lon": -122.4142500000874,
                "center_lat": 37.78324369234258
            },
            "id": 45198,
            "bbox": [
                -122.419579,
                37.78026,
                -122.408983,
                37.786204
            ]
        },
        {
            "type": "Feature",
            "geometry": {
                "type": "MultiPolygon",
                "coordinates": [
                    [
                        [
                            [
                                -122.453995,
                                37.771518
                            ],
                            [
                                -122.454683,
                                37.774755
                            ],
                            [
                                -122.465332,
                                37.773423
                            ],
                            [
                                -122.491655,
                                37.772231
                            ],
                            [
                                -122.510946,
                                37.771343
                            ],
                            [
                                -122.513111,
                                37.770771
                            ],
                            [
                                -122.513108,
                                37.767242
                            ],
                            [
                                -122.51237,
                                37.763586
                            ],
                            [
                                -122.510297,
                                37.764073
                            ],
                            [
                                -122.466441,
                                37.765975
                            ],
                            [
                                -122.464297,
                                37.765963
                            ],
                            [
                                -122.461097,
                                37.76621
                            ],
                            [
                                -122.458847,
                                37.76623
                            ],
                            [
                                -122.456913,
                                37.765874
                            ],
                            [
                                -122.452947,
                                37.766374
                            ],
                            [
                                -122.453995,
                                37.771518
                            ]
                        ]
                    ]
                ]
            },
            "properties": {
                "id": 45705,
                "name": "Golden Gate Park",
                "seo_id": "golden-gate-park-san-francisco-ca",
                "geo_slug": "sf",
                "hidden": false,
                "center_lon": -122.48302911325294,
                "center_lat": 37.76917049976879
            },
            "id": 45705,
            "bbox": [
                -122.513111,
                37.763586,
                -122.452947,
                37.774755
            ]
        },
        {
            "type": "Feature",
            "geometry": {
                "type": "MultiPolygon",
                "coordinates": [
                    [
                        [
                            [
                                -122.448127,
                                37.806896
                            ],
                            [
                                -122.452439,
                                37.806267
                            ],
                            [
                                -122.454483,
                                37.806469
                            ],
                            [
                                -122.463579,
                                37.80488
                            ],
                            [
                                -122.467204,
                                37.806012
                            ],
                            [
                                -122.47066,
                                37.808614
                            ],
                            [
                                -122.475541,
                                37.809387
                            ],
                            [
                                -122.476466,
                                37.810836
                            ],
                            [
                                -122.477738,
                                37.810943
                            ],
                            [
                                -122.477896,
                                37.808449
                            ],
                            [
                                -122.480202,
                                37.801417
                            ],
                            [
                                -122.482079,
                                37.798472
                            ],
                            [
                                -122.483593,
                                37.794035
                            ],
                            [
                                -122.486032,
                                37.790764
                            ],
                            [
                                -122.483887,
                                37.789154
                            ],
                            [
                                -122.484553,
                                37.787646
                            ],
                            [
                                -122.480683,
                                37.786992
                            ],
                            [
                                -122.470912,
                                37.787221
                            ],
                            [
                                -122.449426,
                                37.791637
                            ],
                            [
                                -122.4463,
                                37.791879
                            ],
                            [
                                -122.44782,
                                37.801633
                            ],
                            [
                                -122.448803,
                                37.801772
                            ],
                            [
                                -122.449565,
                                37.802791
                            ],
                            [
                                -122.449388,
                                37.803711
                            ],
                            [
                                -122.448241,
                                37.804478
                            ],
                            [
                                -122.448492,
                                37.806088
                            ],
                            [
                                -122.448127,
                                37.806896
                            ]
                        ]
                    ]
                ]
            },
            "properties": {
                "id": 44814,
                "name": "Presidio",
                "seo_id": "presidio-san-francisco-ca",
                "geo_slug": "sf",
                "hidden": false,
                "center_lon": -122.46616615984036,
                "center_lat": 37.798967965998884
            },
            "id": 44814,
            "bbox": [
                -122.486032,
                37.786992,
                -122.4463,
                37.810943
            ]
        },
        {
            "type": "Feature",
            "geometry": {
                "type": "MultiPolygon",
                "coordinates": [
                    [
                        [
                            [
                                -122.446422,
                                37.78537
                            ],
                            [
                                -122.446793,
                                37.787262
                            ],
                            [
                                -122.459179,
                                37.785682
                            ],
                            [
                                -122.458878,
                                37.781326
                            ],
                            [
                                -122.457759,
                                37.781402
                            ],
                            [
                                -122.455843,
                                37.781472
                            ],
                            [
                                -122.45529,
                                37.781529
                            ],
                            [
                                -122.454186,
                                37.781651
                            ],
                            [
                                -122.452061,
                                37.781947
                            ],
                            [
                                -122.449079,
                                37.782314
                            ],
                            [
                                -122.448989,
                                37.78236
                            ],
                            [
                                -122.448064,
                                37.782483
                            ],
                            [
                                -122.447366,
                                37.782555
                            ],
                            [
                                -122.447302,
                                37.782392
                            ],
                            [
                                -122.446775,
                                37.782461
                            ],
                            [
                                -122.445826,
                                37.782512
                            ],
                            [
                                -122.446033,
                                37.783509
                            ],
                            [
                                -122.446247,
                                37.784438
                            ],
                            [
                                -122.446422,
                                37.78537
                            ]
                        ]
                    ]
                ]
            },
            "properties": {
                "id": 45227,
                "name": "Jordan Park-Laurel Heights",
                "seo_id": "jordan-park-laurel-heights-san-francisco-ca",
                "geo_slug": "sf",
                "hidden": false,
                "center_lon": -122.45250250009028,
                "center_lat": 37.78429399976832
            },
            "id": 45227,
            "bbox": [
                -122.459179,
                37.781326,
                -122.445826,
                37.787262
            ]
        },
        {
            "type": "Feature",
            "properties": {
                "id": 44929,
                "name": "Eureka Valley-Dolores Heights",
                "slug": "eureka-valley-dolores-heights-san-francisco-ca",
                "city": "San Francisco",
                "county": "San Francisco County",
                "state": "CA",
                "feature_type": "neighborhood",
                "hidden": false,
                "center_latitude": 37.76073549974356,
                "center_longitude": -122.43297599984248
            },
            "geometry": {
                "type": "Polygon",
                "coordinates": [
                    [
                        [
                            -122.444882,
                            37.759567
                        ],
                        [
                            -122.444714,
                            37.758655
                        ],
                        [
                            -122.444373,
                            37.758413
                        ],
                        [
                            -122.443333,
                            37.757958
                        ],
                        [
                            -122.442362,
                            37.756784
                        ],
                        [
                            -122.441182,
                            37.756364
                        ],
                        [
                            -122.441055,
                            37.755967
                        ],
                        [
                            -122.441789,
                            37.754711
                        ],
                        [
                            -122.441695,
                            37.754688
                        ],
                        [
                            -122.44175,
                            37.754595
                        ],
                        [
                            -122.441117,
                            37.754214
                        ],
                        [
                            -122.441158,
                            37.754152
                        ],
                        [
                            -122.441025,
                            37.754159
                        ],
                        [
                            -122.44093,
                            37.754102
                        ],
                        [
                            -122.420964,
                            37.755295
                        ],
                        [
                            -122.421272,
                            37.758499
                        ],
                        [
                            -122.42805,
                            37.758089
                        ],
                        [
                            -122.428509,
                            37.76289
                        ],
                        [
                            -122.428936,
                            37.767369
                        ],
                        [
                            -122.434812,
                            37.762864
                        ],
                        [
                            -122.435189,
                            37.762673
                        ],
                        [
                            -122.436527,
                            37.762073
                        ],
                        [
                            -122.438997,
                            37.761616
                        ],
                        [
                            -122.440213,
                            37.76114
                        ],
                        [
                            -122.44278,
                            37.76105
                        ],
                        [
                            -122.444882,
                            37.759567
                        ]
                    ]
                ]
            },
            "bbox": [
                -122.444882,
                37.754102,
                -122.420964,
                37.767369
            ]
        },
        {
            "type": "Feature",
            "properties": {
                "id": 178786,
                "name": "Cole Valley/Parnassus Heights",
                "seo_id": "cole-valley-san-francisco-ca",
                "geo_slug": "sf",
                "source_hidden": false,
                "center_lon": -122.4673984999408,
                "center_lat": 37.75930300023333,
                "hidden": false
            },
            "geometry": {
                "type": "Polygon",
                "coordinates": [
                    [
                        [
                            -122.45947,
                            37.759162
                        ],
                        [
                            -122.459372,
                            37.758741
                        ],
                        [
                            -122.460627,
                            37.758415
                        ],
                        [
                            -122.460838,
                            37.758204
                        ],
                        [
                            -122.45981,
                            37.757223
                        ],
                        [
                            -122.459496,
                            37.755631
                        ],
                        [
                            -122.45914,
                            37.755317
                        ],
                        [
                            -122.458389,
                            37.755102
                        ],
                        [
                            -122.457826,
                            37.755619
                        ],
                        [
                            -122.457333,
                            37.755771
                        ],
                        [
                            -122.45728,
                            37.756191
                        ],
                        [
                            -122.457447,
                            37.75651
                        ],
                        [
                            -122.4573,
                            37.756798
                        ],
                        [
                            -122.455703,
                            37.756685
                        ],
                        [
                            -122.454102,
                            37.756912
                        ],
                        [
                            -122.453876,
                            37.757356
                        ],
                        [
                            -122.452304,
                            37.758287
                        ],
                        [
                            -122.452114,
                            37.759388
                        ],
                        [
                            -122.448732,
                            37.759653
                        ],
                        [
                            -122.448903,
                            37.760842
                        ],
                        [
                            -122.446441,
                            37.761031
                        ],
                        [
                            -122.447,
                            37.762884
                        ],
                        [
                            -122.445874,
                            37.764621
                        ],
                        [
                            -122.446385,
                            37.767201
                        ],
                        [
                            -122.449078,
                            37.766879
                        ],
                        [
                            -122.449454,
                            37.768723
                        ],
                        [
                            -122.453373,
                            37.768251
                        ],
                        [
                            -122.453045,
                            37.766645
                        ],
                        [
                            -122.452968,
                            37.766353
                        ],
                        [
                            -122.456864,
                            37.765895
                        ],
                        [
                            -122.457809,
                            37.766032
                        ],
                        [
                            -122.457808,
                            37.766019
                        ],
                        [
                            -122.45779,
                            37.766015
                        ],
                        [
                            -122.457536,
                            37.763566
                        ],
                        [
                            -122.457867,
                            37.762179
                        ],
                        [
                            -122.458517,
                            37.760999
                        ],
                        [
                            -122.460292,
                            37.76044
                        ],
                        [
                            -122.459917,
                            37.759432
                        ],
                        [
                            -122.460109,
                            37.759121
                        ],
                        [
                            -122.45947,
                            37.759162
                        ]
                    ]
                ]
            },
            "bbox": [
                -122.460838,
                37.755102,
                -122.445874,
                37.768723
            ]
        }
    ]
}